Index,Title,Artist,Top Genre,Year
1,Sunrise,Norah Jones,adult standards,2004
2,Black Night,Deep Purple,album rock,2000
3,Clint Eastwood,Gorillaz,alternative hip hop,2001
4,The Pretender,Foo Fighters,alternative metal,2007
5,Waitin' On A Sunny Day,Bruce Springsteen,classic rock,2002
6,The Road Ahead (Miles Of The Unknown),City To City,alternative pop rock,2004
7,She Will Be Loved,Maroon 5,pop,2002
8,Knights of Cydonia,Muse,modern rock,2006
9,Mr. Brightside,The Killers,modern rock,2004
10,Without Me,Eminem,detroit hip hop,2002
11,Love Me Tender,Elvis Presley,adult standards,2002
12,Seven Nation Army,The White Stripes,alternative rock,2003
13,Als Het Golft,De Dijk,dutch indie,2000
14,I'm going home,Ten Years After,album rock,2005
15,Fluorescent Adolescent,Arctic Monkeys,garage rock,2007
16,Zonder Jou,Paul de Leeuw,dutch cabaret,2006
17,Speed of Sound,Coldplay,permanent wave,2005
18,Uninvited,Alanis Morissette,alternative rock,2005
19,Music,John Miles,classic uk pop,2004
20,Cry Me a River,Justin Timberlake,dance pop,2002
21,Fix You,Coldplay,permanent wave,2005
22,The Cave,Mumford & Sons,modern folk rock,2009
23,Als De Morgen Is Gekomen,Jan Smit,dutch pop,2006
24,Somebody Told Me,The Killers,modern rock,2004
25,Dichterbij Dan Ooit,BLØF,dutch pop,2002
28,Cleanin' Out My Closet,Eminem,detroit hip hop,2002
29,Der Weg,Herbert Grönemeyer,german pop,2008
31,The Scientist,Coldplay,permanent wave,2002
32,Big Log - 2006 Remaster,Robert Plant,album rock,2007
33,Chasing Pavements,Adele,british soul,2008
34,Don't Know Why,Norah Jones,adult standards,2002
35,Tears Dry On Their Own,Amy Winehouse,british soul,2006
36,The Eyes of Jenny,Sandy Coast,classic uk pop,2009
37,Iris,The Goo Goo Dolls,alternative rock,2007
38,The Saints Are Coming,U2,irish rock,2006
39,All My Life,Foo Fighters,alternative metal,2002
40,De Weg,Guus Meeuwis,dutch pop,2005
43,Take Me Out,Franz Ferdinand,alternative rock,2004
44,American Idiot,Green Day,modern rock,2004
45,Breaking the Habit,Linkin Park,alternative metal,2003
46,Come Undone,Robbie Williams,dance pop,2002
47,Sweet Jane,Lou Reed,art rock,2008
48,Run,Snow Patrol,irish rock,2004
49,"You're The First, The Last, My Everything",Barry White,adult standards,2009
50,The Day After Tomorrow,Saybia,danish pop rock,2005
51,Just Breathe,Pearl Jam,alternative rock,2009
52,Dansen Aan Zee,BLØF,dutch pop,2000
54,The Unforgiven III,Metallica,alternative metal,2008
55,Hurt,Christina Aguilera,dance pop,2006
57,Sometimes You Can't Make It On Your Own,U2,irish rock,2004
58,"Listen (From the Motion Picture ""Dreamgirls"")",Beyoncé,dance pop,2006
60,Goin To The Run,Golden Earring,album rock,2008
63,Smoorverliefd,Doe Maar,dutch cabaret,2008
65,Kryptonite,3 Doors Down,alternative metal,2000
66,Crazy,Seal,british soul,2004
67,Family Portrait,P!nk,dance pop,2001
68,In The Army Now,Status Quo,album rock,2002
69,I Surrender,Saybia,danish pop rock,2004
71,Make You Feel My Love,Adele,british soul,2008
72,No One Knows,Queens of the Stone Age,alternative metal,2002
75,Little Lion Man,Mumford & Sons,modern folk rock,2009
76,Dirty Diana,Michael Jackson,pop,2003
78,Sad Man's Tongue,Volbeat,alternative metal,2007
79,Wat Zou Je Doen - Live,Marco Borsato,dutch cabaret,2006
81,Bagagedrager,Spinvis,dutch indie,2002
82,Wêr Bisto,Twarres,dutch pop,2001
85,Self Esteem,The Offspring,alternative metal,2005
86,Aanzoek Zonder Ringen,BLØF,dutch pop,2006
87,Modern World,Anouk,dutch indie,2007
88,Rosie,Claw Boys Claw,dutch indie,2007
89,This Is Not America - 2002 Remaster,David Bowie,album rock,2002
90,Times Like These,Foo Fighters,alternative metal,2002
91,De Vondeling Van Ameland,Boudewijn de Groot,dutch indie,2007
92,I'm Gonna Be (500 Miles),The Proclaimers,celtic rock,2003
93,Afscheid Nemen Bestaat Niet,Marco Borsato,dutch cabaret,2006
94,Blauwe Ruis,BLØF,dutch pop,2002
96,21 Guns,Green Day,modern rock,2009
97,Valerie (feat. Amy Winehouse) - Version Revisited,Mark Ronson,dance pop,2007
99,Binnen,Marco Borsato,dutch cabaret,2002
100,Motorcycle Emptiness,Manic Street Preachers,alternative rock,2002
101,In the End,Linkin Park,alternative metal,2000
102,Halt mich,Herbert Grönemeyer,german pop,2008
103,Girl,Anouk,dutch indie,2004
104,"Trapped - Live at Meadowlands Arena, E. Rutherford, NJ - August 1984",Bruce Springsteen,classic rock,2003
105,Ik Wou Dat Ik Jou Was,Veldhuis & Kemper,dutch cabaret,2003
106,Empire State of Mind (Part II) Broken Down,Alicia Keys,hip pop,2009
107,Numb / Encore,JAY-Z,east coast hip hop,2004
108,Ben Ik Te Min,Armand,dutch rock,2009
109,All Summer Long,Kid Rock,alternative metal,2007
110,Forever Autumn,Jeff Wayne,classic uk pop,2007
112,Everybody's Changing,Keane,modern rock,2004
113,How to Save a Life,The Fray,modern rock,2005
114,"Bloed, Zweet En Tranen",Andre Hazes,dutch pop,2002
115,"Lose Yourself - From ""8 Mile"" Soundtrack",Eminem,detroit hip hop,2005
116,Europa (Earth's Cry Heaven's Smile),Santana,blues rock,2007
117,Feeling Good,Muse,modern rock,2001
119,Use Somebody,Kings of Leon,modern rock,2008
121,Single Ladies (Put a Ring on It),Beyoncé,dance pop,2008
122,You're the Voice,John Farnham,australian pop,2008
123,Voltooid Verleden Tijd,IOS,dutch pop,2009
124,Eternal Flame,The Bangles,album rock,2004
125,Papa Was A Rolling Stone,The Temptations,adult standards,2001
126,Crazy In Love (feat. Jay-Z),Beyoncé,dance pop,2003
127,Best of You,Foo Fighters,alternative metal,2005
129,De wedstrijd,Bram Vermeulen,belgian rock,2006
132,Red Mij Niet - Single Edit,Maarten Van Roozendaal,dutch indie,2001
133,Love Is A Losing Game,Amy Winehouse,british soul,2006
134,Zij,Marco Borsato,dutch cabaret,2002
135,Tribute,Tenacious D,alternative metal,2001
136,You Know I'm No Good,Amy Winehouse,british soul,2006
137,Talk,Coldplay,permanent wave,2005
138,Love Is A Battlefield,Pat Benatar,album rock,2001
139,Home,Michael Bublé,adult standards,2005
140,Sonne,Rammstein,alternative metal,2001
141,I Gotta Feeling,The Black Eyed Peas,dance pop,2009
142,She Sells Sanctuary,The Cult,album rock,2000
143,Alie,Normaal,dutch rock,2008
145,A Little Less Conversation - JXL Radio Edit Remix,Elvis Presley,adult standards,2002
146,Love You More,Racoon,dutch indie,2005
147,Old Man,Neil Young,album rock,2004
148,Zij Maakt Het Verschil,De Poema's,dutch pop,2003
149,I Want To Hold Your Hand - Remastered 2015,The Beatles,british invasion,2000
150,Black Magic Woman,Santana,blues rock,2007
151,Set The Fire To The Third Bar,Snow Patrol,irish rock,2006
152,Ghost Love Score,Nightwish,finnish metal,2004
153,Going To A Town,Rufus Wainwright,canadian pop,2007
154,Is Dit Alles,Doe Maar,dutch cabaret,2008
155,A Gentleman's Excuse Me,Fish,album rock,2008
156,God Put a Smile upon Your Face,Coldplay,permanent wave,2002
158,Sailing to Philadelphia,Mark Knopfler,classic rock,2005
159,Accidentally In Love,Counting Crows,alternative rock,2004
161,One Word,Anouk,dutch indie,2004
162,Goodnight Saigon,Billy Joel,album rock,2001
163,Moonlight Shadow,Mike Oldfield,album rock,2009
164,Zing - Vecht - Huil - Bid - Lach - Werk En Bewonder,Ramses Shaffy,dutch cabaret,2006
165,Uprising,Muse,modern rock,2009
166,My Immortal,Evanescence,alternative metal,2003
167,Feel Like Flying,Racoon,dutch indie,2005
168,Everything,Michael Bublé,adult standards,2007
170,Speeltuin,Marco Borsato,dutch cabaret,2002
171,"Comptine d'un autre été, l'après-midi",Yann Tiersen,bow pop,2001
172,Sweet Goodbyes,Krezip,dutch indie,2009
173,The Man Who Can't Be Moved,The Script,celtic rock,2008
175,Halo,Beyoncé,dance pop,2008
176,Hollereer,De Jeugd Van Tegenwoordig,dutch hip hop,2008
177,Hier,BLØF,dutch pop,2000
178,Ice Queen,Within Temptation,dutch metal,2003
179,Another 45 Miles,Golden Earring,album rock,2008
180,Like a Hurricane - 2003 Remaster,Neil Young,album rock,2004
181,Father & Friend,Alain Clark,dutch pop,2007
182,"(I've Had) The Time of My Life - From ""Dirty Dancing"" Soundtrack",Bill Medley,soft rock,2004
183,The Blower's Daughter,Damien Rice,acoustic pop,2003
184,Magnificent,U2,irish rock,2009
186,Belle Hélène,Doe Maar,dutch cabaret,2008
187,Go With The Flow,Queens of the Stone Age,alternative metal,2002
189,Plug in Baby,Muse,modern rock,2001
191,Nederwiet,Doe Maar,dutch cabaret,2008
192,Heart Of Glass,Blondie,candy pop,2006
193,The Real Slim Shady,Eminem,detroit hip hop,2000
194,Stuck In A Moment You Can't Get Out Of,U2,irish rock,2000
195,Tumble and Fall,JOHAN,dutch indie,2001
197,Hier Kom Ik Weg,Daniël Lohues,dutch indie,2008
198,Starlight,Muse,modern rock,2006
200,Time To Say Goodbye (Con Te Partirò),Sarah Brightman,operatic pop,2006
201,Green Eyes,Coldplay,permanent wave,2002
203,De Kapitein Deel II,Acda en de Munnik,dutch cabaret,2000
204,Supermassive Black Hole,Muse,modern rock,2006
205,Pak Maar M'n Hand,Nick & Simon,dutch pop,2007
206,De Bom,Doe Maar,dutch cabaret,2008
207,Bombay,Golden Earring,album rock,2008
208,Mary Jane's Last Dance,Tom Petty and the Heartbreakers,album rock,2008
209,Oerend Hard,Normaal,dutch rock,2008
210,Society,Eddie Vedder,permanent wave,2007
211,White Flag,Dido,dance pop,2003
212,Heaven Must Be Missing An Angel - Pt. 1,Tavares,adult standards,2004
213,Wake Me up When September Ends,Green Day,modern rock,2004
214,Can't Stop,Red Hot Chili Peppers,alternative rock,2002
215,Driving Home for Christmas,Chris Rea,art rock,2007
216,Mutter,Rammstein,alternative metal,2001
217,Pa,Doe Maar,dutch cabaret,2008
218,Blauw,The Scene,belgian rock,2007
219,Spicks And Specks,Bee Gees,adult standards,2001
220,Stan,Eminem,detroit hip hop,2000
221,Beautiful,Christina Aguilera,dance pop,2002
223,Leave the Light On,Beth Hart,blues rock,2009
225,Everlong - Acoustic Version,Foo Fighters,alternative metal,2009
226,Here Without You,3 Doors Down,alternative metal,2002
227,One,Mary J. Blige,dance pop,2005
228,Mijn Houten Hart,De Poema's,dutch pop,2003
230,Sinds 1 Dag Of 2 (32 Jaar),Doe Maar,dutch cabaret,2008
231,Feeling Good,Michael Bublé,adult standards,2005
232,The Wall Street Shuffle,10cc,album rock,2004
233,Song 2,Blur,alternative rock,2000
234,I Would Stay,Krezip,dutch indie,2000
235,Piano Man,Billy Joel,album rock,2001
236,Fireflies,Owl City,pop,2009
237,Lost,Anouk,dutch indie,2004
238,Woman,Wolfmother,alternative rock,2006
239,Where Is The Love?,The Black Eyed Peas,dance pop,2003
240,Yellow,Coldplay,permanent wave,2000
243,Breakeven,The Script,celtic rock,2008
244,Not An Addict,K's Choice,alternative pop,2009
247,Will You Be There - Single Version,Michael Jackson,pop,2005
249,Cambodia,Kim Wilde,dance pop,2006
250,Back To Black,Amy Winehouse,british soul,2006
251,Dochters,Marco Borsato,dutch cabaret,2008
252,Hocus Pocus,Focus,album rock,2001
253,Mensch,Herbert Grönemeyer,german pop,2008
254,Amsterdam,Coldplay,permanent wave,2002
255,Time Is Running Out,Muse,modern rock,2004
256,Rain Down on Me,Kane,dutch pop,2003
257,Denis,Blondie,candy pop,2006
258,Hometown Glory,Adele,british soul,2008
259,Live And Let Die - Live,Paul McCartney,album rock,2003
261,Ren Lenny Ren,Acda en de Munnik,dutch cabaret,2002
262,In My Place,Coldplay,permanent wave,2002
263,Numb,Linkin Park,alternative metal,2003
265,Empire State Of Mind,JAY-Z,east coast hip hop,2009
266,Drops of Jupiter,Train,dance pop,2001
267,Omarm,BLØF,dutch pop,2003
268,(What A) Wonderful World,Sam Cooke,adult standards,2000
270,The Rising,Bruce Springsteen,classic rock,2002
271,Snow (Hey Oh),Red Hot Chili Peppers,alternative rock,2006
272,I Don't Wanna Hurt,Anouk,dutch indie,2007
274,Iedereen Is Van De Wereld,The Scene,belgian rock,2007
275,Gold,Spandau Ballet,dance rock,2000
276,All Night Long (All Night) - Single Version,Lionel Richie,adult standards,2003
278,City Of Blinding Lights,U2,irish rock,2004
280,Hey Ya!,OutKast,atl hip hop,2003
281,There Must Be an Angel (Playing with My Heart),Eurythmics,dance pop,2005
282,Laat Me / Vivre - Lange Versie,Alderliefste met Ramses Shaffy en Liesbeth List,dutch pop,2005
283,Watskeburt?!,De Jeugd Van Tegenwoordig,dutch hip hop,2008
284,Feel,Robbie Williams,dance pop,2002
285,Lady Jane - (Original Single Mono Version),The Rolling Stones,album rock,2004
286,La Isla Bonita,Madonna,dance pop,2009
287,Go Like Elijah,Chi Coltrane,alternative pop rock,2009
288,Chop Suey!,System Of A Down,alternative metal,2001
289,Sorry - (Live in Tivoli),Kyteman,dutch indie,2009
290,Black or White - Single Version,Michael Jackson,pop,2005
291,Shut Your Eyes,Snow Patrol,irish rock,2006
292,Ironic,Alanis Morissette,alternative rock,2005
293,I Bet You Look Good On The Dancefloor,Arctic Monkeys,garage rock,2006
295,Vogue,Madonna,dance pop,2009
296,If I Were a Boy,Beyoncé,dance pop,2008
297,Dyna-Mite,Mud,classic uk pop,2005
298,Une Belle Histoire (Een Mooi Verhaal),Alderliefste,dutch pop,2008
302,Like a Prayer,Madonna,dance pop,2009
303,Rockin' All Over The World,Status Quo,album rock,2005
305,Dear Mr. President,P!nk,dance pop,2009
306,Stiekem Gedanst,Toontje Lager,dutch rock,2008
307,Human,The Killers,modern rock,2008
308,Lady Madonna - Remastered 2015,The Beatles,british invasion,2000
311,Viva La Vida,Coldplay,permanent wave,2008
313,Bend & Break,Keane,modern rock,2004
314,We Can Work It Out - Remastered 2015,The Beatles,british invasion,2000
315,Sing for Absolution,Muse,modern rock,2004
316,Superstition - Single Version,Stevie Wonder,adult standards,2002
317,Vertigo,U2,irish rock,2004
318,By the Way,Red Hot Chili Peppers,alternative rock,2002
319,Hey Jude,The Beatles,british invasion,2006
321,Geef Mij Je Angst,Guus Meeuwis,dutch pop,2006
322,Stuck In The Middle With You,Stealers Wheel,classic rock,2009
323,Het Regent Zonnestralen,Acda en de Munnik,dutch cabaret,2005
324,Violet Hill,Coldplay,permanent wave,2008
325,Dog Days Are Over,Florence + The Machine,art pop,2009
326,Beautiful Day,U2,irish rock,2000
327,Major Tom,Peter Schilling,german pop,2005
329,Lost!,Coldplay,permanent wave,2008
330,What It Is,Mark Knopfler,classic rock,2000
331,Blue Monday - 2016 Remaster,New Order,alternative rock,2005
332,Behind Blue Eyes,Limp Bizkit,alternative metal,2003
333,Rehab,Amy Winehouse,british soul,2006
334,Bird of Paradise,Snowy White,blues rock,2003
335,I'm Yours,Jason Mraz,acoustic pop,2008
336,Onderweg,Abel,dutch rock,2000
337,Mr. Bojangles - Single Version,Sammy Davis Jr.,adult standards,2002
338,Unwritten,Natasha Bedingfield,dance pop,2004
339,Resistance,Muse,modern rock,2009
340,Bedshaped,Keane,modern rock,2004
341,Mia,Gorki,belgian rock,2002
342,You Oughta Know,Alanis Morissette,alternative rock,2005
343,Overcome,Live,alternative metal,2001
344,Stand My Ground,Within Temptation,dutch metal,2004
345,Chasing Cars,Snow Patrol,irish rock,2006
346,Dani California,Red Hot Chili Peppers,alternative rock,2006
348,Nine Million Bicycles,Katie Melua,uk pop,2005
350,It's My Life,Bon Jovi,glam metal,2000
351,Politik,Coldplay,permanent wave,2002
352,Mooie Dag,BLØF,dutch pop,2002
353,In Nije Dei,De Kast,dutch pop,2004
354,Sex on Fire,Kings of Leon,modern rock,2008
355,Hallelujah,Lisa Lois,dutch pop,2009
356,Somewhere Only We Know,Keane,modern rock,2004
357,Sunrise,Simply Red,british soul,2004
358,How You Remind Me,Nickelback,alternative metal,2001
359,When You Say Nothing At All,Ronan Keating,dance pop,2000
360,Hard Sun,Eddie Vedder,permanent wave,2007
361,Belfast Child,Simple Minds,art rock,2008
362,Feel Good Inc.,Gorillaz,alternative hip hop,2005
363,Alles Is Liefde,BLØF,dutch pop,2007
364,Jerusalem,Anouk,dutch indie,2004
365,Mr Bojangles,Robbie Williams,dance pop,2001
366,Tranen Gelachen,Guus Meeuwis,dutch pop,2007
367,When The Sun Goes Down,Arctic Monkeys,garage rock,2006
368,Frozen,Madonna,dance pop,2009
370,Poker Face,Lady Gaga,dance pop,2008
371,Life in Technicolor ii,Coldplay,permanent wave,2008
373,Ruby,Kaiser Chiefs,alternative rock,2007
374,Het Land Van,Lange Frans,dutch hip hop,2005
375,Bad Romance,Lady Gaga,dance pop,2009
376,Elevation,U2,irish rock,2000
377,Trouble,Coldplay,permanent wave,2000
379,Black Betty,Ram Jam,album rock,2005
380,Wrong,Novastar,belgian rock,2000
381,Never Be Clever,Herman Brood & His Wild Romance,dutch indie,2001
382,Undisclosed Desires,Muse,modern rock,2009
384,Meer Dan Een Ander,Van Dik Hout,dutch cabaret,2009
385,Brabant,Guus Meeuwis,dutch pop,2002
386,Mother Earth,Within Temptation,dutch metal,2003
388,(You're The) Devil in Disguise,Elvis Presley,adult standards,2002
389,TRUE - Single Edit,Spandau Ballet,dance rock,2008
390,Make It Wit Chu,Queens of the Stone Age,alternative metal,2007
391,Bring Me To Life,Evanescence,alternative metal,2003
392,Clocks,Coldplay,permanent wave,2002
394,Bliss,Muse,modern rock,2001
395,Kijk Omhoog,Nick & Simon,dutch pop,2007
396,9 Crimes,Damien Rice,acoustic pop,2006
397,Working On a Dream,Bruce Springsteen,classic rock,2009
398,Nutbush City Limits,Ike & Tina Turner,brill building pop,2008
401,Mag Ik Dan Bij Jou,Claudia De Breij,dutch cabaret,2010
402,Sterrenstof,De Jeugd Van Tegenwoordig,dutch hip hop,2010
403,Love Will Tear Us Apart - 2010 Remaster,Joy Division,alternative rock,2010
404,Mag Het Licht Uit,De Dijk,dutch indie,2010
405,Why Tell Me Why,Anita Meyer,dutch pop,2010
407,Dat Komt Door Jou,Guus Meeuwis,dutch pop,2010
408,Don't Give up the Fight,Racoon,dutch indie,2010
409,I Follow Rivers - Live @ Giel!,Triggerfinger,belgian rock,2010
410,Liverpool Rain,Racoon,dutch indie,2010
411,No Mercy,Racoon,dutch indie,2010
412,Peter Gunn Theme,"Emerson, Lake & Palmer",album rock,2010
413,Alors on danse,Stromae,belgian pop,2010
414,The Eve of the War,Jeff Wayne,classic uk pop,2010
415,A Night Like This,Caro Emerald,dutch pop,2010
416,Raise Your Glass,P!nk,dance pop,2010
418,Christmas Lights,Coldplay,permanent wave,2010
419,The Promise You Made,Cock Robin,dance rock,2010
420,Back Home,Golden Earring,album rock,2010
421,Times Are Changing,DI-RECT,dutch indie,2010
422,Proosten,Guus Meeuwis,dutch pop,2010
423,Just the Way You Are,Bruno Mars,dance pop,2010
425,Man Down,Rihanna,barbadian pop,2010
426,Pyro,Kings of Leon,modern rock,2010
427,You Got It,Roy Orbison,adult standards,2010
428,Atmosphere - 2010 Remaster,Joy Division,alternative rock,2010
429,Grenade,Bruno Mars,dance pop,2010
431,Back Down South,Kings of Leon,modern rock,2010
432,Riverside,Agnes Obel,chamber pop,2010
433,Hold On Tight,Solomon Burke,brill building pop,2010
434,Someone Like You,Adele,british soul,2011
435,Set Fire to the Rain,Adele,british soul,2011
438,Somebody That I Used To Know,Gotye,australian pop,2011
439,Paradise,Coldplay,permanent wave,2011
440,Rood,Marco Borsato,dutch cabaret,2011
442,Still Loving You,Scorpions,album rock,2011
443,Little Black Submarines,The Black Keys,alternative rock,2011
444,Walk,Foo Fighters,alternative metal,2011
445,The A Team,Ed Sheeran,pop,2011
446,kom terug,Spinvis,dutch indie,2011
447,Prachtig mooie dag,Daniël Lohues,dutch indie,2011
449,Titanium (feat. Sia),David Guetta,dance pop,2011
450,Faster,Within Temptation,dutch metal,2011
451,Lonely Boy,The Black Keys,alternative rock,2011
452,Turning Tables,Adele,british soul,2011
454,Kan Ik Iets Voor Je Doen,De Dijk,dutch indie,2011
455,Driver's Seat,Sniff 'n' The Tears,classic uk pop,2011
456,Zing Voor Me,Lange Frans,dutch hip hop,2011
457,Every Teardrop Is a Waterfall,Coldplay,permanent wave,2011
458,Waarom Nou Jij,Marco Borsato,dutch cabaret,2011
460,Rumour Has It,Adele,british soul,2011
462,Pumped Up Kicks,Foster The People,indie pop,2011
463,Happiness,Jonathan Jeremiah,dutch indie,2011
464,Give Me Love,Ed Sheeran,pop,2011
465,Gold on the Ceiling,The Black Keys,alternative rock,2011
466,Ni**as In Paris,JAY-Z,east coast hip hop,2011
467,Run the World (Girls),Beyoncé,dance pop,2011
468,I Won' T Let You Down,Road Band,pop,2011
469,Love On Top,Beyoncé,dance pop,2011
470,Lego House,Ed Sheeran,pop,2011
472,Dust Bowl,Joe Bonamassa,blues rock,2011
473,Damn Those Eyes,Kane,dutch pop,2011
474,These Days,Foo Fighters,alternative metal,2011
475,Original Sin,INXS,australian rock,2011
477,Georgia on My Mind,Ray Charles,adult standards,2011
478,Charlie Brown,Coldplay,permanent wave,2011
479,I've Just Lost Somebody,Golden Earring,album rock,2011
480,Skyfall - Full Length,Adele,british soul,2012
481,Zo Stil,BLØF,dutch pop,2012
482,Holiday In Spain,Counting Crows,alternative rock,2012
483,Radioactive,Imagine Dragons,modern rock,2012
484,Video Games - Remastered,Lana Del Rey,art pop,2012
485,Demons,Imagine Dragons,modern rock,2012
486,She,Elvis Costello,art rock,2012
487,Just Give Me a Reason (feat. Nate Ruess),P!nk,dance pop,2012
488,Try,P!nk,dance pop,2012
489,I Will Wait,Mumford & Sons,modern folk rock,2012
490,Home Again,Kensington,dutch pop,2012
491,Tubular Bells,Mike Oldfield,album rock,2012
492,Winter,Tori Amos,art pop,2012
493,Droomland,Andre Hazes,dutch pop,2012
494,Wat Zou Je Doen?,BLØF,dutch pop,2012
495,Madness,Muse,modern rock,2012
496,Sovereign Light Café,Keane,modern rock,2012
497,Can't Hold Us - feat. Ray Dalton,Macklemore & Ryan Lewis,dance pop,2012
498,Lover of the Light,Mumford & Sons,modern folk rock,2012
500,On Top Of The World,Imagine Dragons,modern rock,2012
501,Flappie,Youp van 't Hek,dutch cabaret,2012
502,Home Again,Michael Kiwanuka,british soul,2012
503,If You Could See Me Now,The Script,celtic rock,2012
504,Hall of Fame,The Script,celtic rock,2012
505,Dodenrit,Drs. P,dutch rock,2012
506,When I Was Your Man,Bruno Mars,dance pop,2012
507,I Won't Give Up,Jason Mraz,acoustic pop,2012
508,Slapeloze Nachten,The Opposites,dutch hip hop,2012
509,One Moment in Time,Whitney Houston,dance pop,2012
510,Zaterdag,BLØF,dutch pop,2012
511,Babel,Mumford & Sons,modern folk rock,2012
512,Hopeless Wanderer,Mumford & Sons,modern folk rock,2012
514,Later Als Ik Groter Ben,BLØF,dutch pop,2012
515,Clown,Emeli Sandé,dance pop,2012
516,Stay - Album Version (Edited),Rihanna,barbadian pop,2012
517,Diamonds,Rihanna,barbadian pop,2012
518,It's Time,Imagine Dragons,modern rock,2012
521,Oceaan,Racoon,dutch indie,2013
522,Lola Montez,Volbeat,alternative metal,2013
524,Formidable,Stromae,belgian pop,2013
525,Do I Wanna Know?,Arctic Monkeys,garage rock,2013
526,Another Love,Tom Odell,modern rock,2013
528,I See Fire,Ed Sheeran,pop,2013
531,Dansen Op De Vulkaan,De Dijk,dutch indie,2013
532,Witch Doctor,De Staat,dutch indie,2013
533,Diamonds,The Boxer Rebellion,chamber pop,2013
535,Papaoutai,Stromae,belgian pop,2013
537,Layla,Derek & The Dominos,album rock,2013
539,Waves,Mr. Probz,dutch hip hop,2013
541,All I Want,Kodaline,irish pop,2013
544,Just Say Yes,Snow Patrol,irish rock,2013
545,Watermensen,3JS,dutch pop,2013
547,The Monster,Eminem,detroit hip hop,2013
548,Mirrors,Justin Timberlake,dance pop,2013
550,Royals,Lorde,art pop,2013
551,tous les mêmes,Stromae,belgian pop,2013
552,Mijn Van Straat Geredde Roos,De Dijk,dutch indie,2013
553,Love You Like I Love Myself,Herman Brood & His Wild Romance,dutch indie,2013
554,I Sat By The Ocean,Queens of the Stone Age,alternative metal,2013
557,Foolish Games,Jewel,alaska indie,2013
558,Grow Old with Me,Tom Odell,modern rock,2013
560,Blurred Lines,Robin Thicke,dance pop,2013
561,The Road To Mandalay,Robbie Williams,dance pop,2013
562,Iron Sky,Paolo Nutini,british soul,2014
563,A Sky Full of Stars,Coldplay,permanent wave,2014
564,Rolling In The Deep,Adele,british soul,2014
565,Streets,Kensington,dutch pop,2014
566,Thinking out Loud,Ed Sheeran,pop,2014
569,In Your Arms,Chef'Special,dutch indie,2014
571,War,Kensington,dutch pop,2014
572,Op 't platteland,Daniël Lohues,dutch indie,2014
573,"Happy - From ""Despicable Me 2""",Pharrell Williams,dance pop,2014
575,Riddles,Kensington,dutch pop,2014
576,Under The Pressure,The War On Drugs,chamber pop,2014
577,Magic,Coldplay,permanent wave,2014
578,Photograph,Ed Sheeran,pop,2014
579,All For Nothing,Kensington,dutch pop,2014
581,Zandloper,Typhoon,dutch hip hop,2014
582,Home,Dotan,dutch pop,2014
583,Red Eyes,The War On Drugs,chamber pop,2014
585,"See Me, Feel Me - Single Version",The Who,album rock,2014
586,Hemel Valt,Typhoon,dutch hip hop,2014
587,Glycerine,Bush,alternative metal,2014
588,Wit Licht,Jeroen van Koningsbrugge,pop,2014
589,Yellow Submarine,The Beatles,british invasion,2014
591,Superheroes,The Script,celtic rock,2014
592,Stay With Me,Sam Smith,pop,2014
593,Shake It Off,Taylor Swift,dance pop,2014
594,Looking Too Closely,Fink,chamber pop,2014
595,No Good in Goodbye,The Script,celtic rock,2014
596,Counting Stars,OneRepublic,dance pop,2014
597,Time After Time,Cyndi Lauper,dance pop,2014
598,Sexy Als Ik Dans,Nielson,dutch pop,2014
599,Done With It,Kensington,dutch pop,2014
600,Love Never Felt So Good,Michael Jackson,pop,2014
601,Shut Up and Dance,WALK THE MOON,indie pop,2014
602,Nothing Really Matters,Mr. Probz,dutch hip hop,2014
603,Promises of No Man's Land,Blaudzun,dutch indie,2014
605,The Sound of Silence,Disturbed,alternative metal,2015
606,Het Dorp - Live,Wim Sonneveld,dutch cabaret,2015
607,Psycho,Muse,modern rock,2015
608,Élan,Nightwish,finnish metal,2015
609,Dat Ik Je Mis,Maaike Ouboter,dutch pop,2015
611,Zeg Maar Niets Meer - Remastered,Andre Hazes,dutch pop,2015
613,Uptown Funk,Mark Ronson,dance pop,2015
614,Birds,Anouk,dutch indie,2015
615,Michel,Anouk,dutch indie,2015
617,Everglow,Coldplay,permanent wave,2015
619,Ordinary Love,U2,irish rock,2015
620,Stressed Out,Twenty One Pilots,modern rock,2015
621,For Bitter Or Worse,Anouk,dutch indie,2015
623,Hymn for the Weekend,Coldplay,permanent wave,2015
624,Adventure of a Lifetime,Coldplay,permanent wave,2015
625,Three Days In A Row,Anouk,dutch indie,2015
626,Moondance,Van Morrison,classic rock,2015
627,R U Kiddin' Me,Anouk,dutch indie,2015
628,"Theme From New York, New York",Frank Sinatra,adult standards,2015
631,Shoes of Lightning,Racoon,dutch indie,2015
632,Mercy,Muse,modern rock,2015
635,A Head Full of Dreams,Coldplay,permanent wave,2015
637,Forever Man - 2015 Remaster,Eric Clapton,album rock,2015
642,Be the One,Dua Lipa,dance pop,2015
643,Up&Up,Coldplay,permanent wave,2015
644,Ship To Wreck,Florence + The Machine,art pop,2015
645,Love Yourself,Justin Bieber,canadian pop,2015
646,Happy Xmas (War Is Over),John Lennon,album rock,2015
647,Sorry,Kensington,dutch pop,2016
648,Cold Little Heart,Michael Kiwanuka,british soul,2016
649,Barcelona,Freddie Mercury,glam rock,2016
650,Leef,André Hazes Jr.,dutch pop,2016
651,Hello,Adele,british soul,2016
653,Treur Niet (Ode Aan Het Leven),Diggy Dex,dutch hip hop,2016
654,When We Were Young,Adele,british soul,2016
655,Do I Ever,Kensington,dutch pop,2016
656,"CAN'T STOP THE FEELING! (Original Song from DreamWorks Animation's ""TROLLS"")",Justin Timberlake,dance pop,2016
657,Whatever You Want,Status Quo,album rock,2016
658,Lazarus,David Bowie,album rock,2016
659,Million Years Ago,Adele,british soul,2016
660,Dark Necessities,Red Hot Chili Peppers,alternative rock,2016
662,Bridges,Kensington,dutch pop,2016
664,Mooi,Marco Borsato,dutch cabaret,2016
665,I Just Can't Help Believin',Elvis Presley,adult standards,2016
666,Love & Hate,Michael Kiwanuka,british soul,2016
667,New Gold Dream (81/82/83/84),Simple Minds,art rock,2016
669,Someone Somewhere (In Summertime),Simple Minds,art rock,2016
670,24K Magic,Bruno Mars,dance pop,2016
671,Blackstar,David Bowie,album rock,2016
672,Water Under the Bridge,Adele,british soul,2016
673,All I Ask,Adele,british soul,2016
675,We All Stand Together - Remastered 2016,Paul McCartney,album rock,2016
676,Heathens,Twenty One Pilots,modern rock,2016
678,Way Down We Go,KALEO,icelandic indie,2016
679,7 Years,Lukas Graham,danish pop,2016
682,Zoutelande - feat. Geike,BLØF,dutch pop,2017
683,Pokémon Theme-New Studio Recording,Jason Paige,pop,2017
684,Perfect,Ed Sheeran,pop,2017
685,Thriller,Michael Jackson,pop,2017
686,Boulevard of Broken Dreams,Green Day,modern rock,2017
687,What About Us,P!nk,dance pop,2017
688,Shape of You,Ed Sheeran,pop,2017
689,Believer,Imagine Dragons,modern rock,2017
690,Human,Rag'n'Bone Man,neo soul,2017
692,Castle on the Hill,Ed Sheeran,pop,2017
693,Sign of the Times,Harry Styles,dance pop,2017
696,"Roll Over Lay Down - Live At The Kursaal, Southend / 1975",Status Quo,album rock,2017
697,Whatever It Takes,Imagine Dragons,modern rock,2017
698,Amigo,Chef'Special,dutch indie,2017
699,Iederene Hef Een Reden,Bökkers,dutch rock,2017
701,Sorry,Nothing But Thieves,alternative pop rock,2017
702,One More Light,Linkin Park,alternative metal,2017
703,Through the Barricades - Remastered,Spandau Ballet,dance rock,2017
704,Freedom! '90 - Remastered,George Michael,dance rock,2017
705,Amsterdam,Nothing But Thieves,alternative pop rock,2017
707,Thunder,Imagine Dragons,modern rock,2017
708,Thinking Of A Place,The War On Drugs,chamber pop,2017
709,Happier,Ed Sheeran,pop,2017
710,Galway Girl,Ed Sheeran,pop,2017
712,Supermarket Flowers,Ed Sheeran,pop,2017
713,Holiday,Green Day,modern rock,2017
714,Max,Paolo Conte,italian pop,2017
715,Rapper's Delight,The Sugarhill Gang,east coast hip hop,2017
716,Pain,The War On Drugs,chamber pop,2017
717,Love On The Rocks,Neil Diamond,adult standards,2017
718,Tuesday Afternoon (Forever Afternoon),The Moody Blues,album rock,2017
720,Nicotine,Chef'Special,dutch indie,2017
721,Homesick,Dua Lipa,dance pop,2017
722,Beautiful Trauma,P!nk,dance pop,2017
725,Skin,Rag'n'Bone Man,neo soul,2017
726,Lost on You,LP,la pop,2017
727,Shallow,Lady Gaga,dance pop,2018
728,Kleine Jongen,Andre Hazes,dutch pop,2018
729,Duurt Te Lang,Davina Michelle,dutch pop,2018
730,I Want To Break Free,Queen,glam rock,2018
732,Voor Haar,Frans Halsema,dutch rock,2018
733,Testament,Boudewijn de Groot,dutch indie,2018
734,Atemlos durch die Nacht,Helene Fischer,german pop,2018
735,Zij Gelooft In Mij,Andre Hazes,dutch pop,2018
736,Verdronken Vlinder,Boudewijn de Groot,dutch indie,2018
737,Als Het Avond Is,Suzan & Freek,dutch pop,2018
738,De Vlieger,Andre Hazes,dutch pop,2018
739,Geef Mij Je Angst,Andre Hazes,dutch pop,2018
740,Natural,Imagine Dragons,modern rock,2018
741,IJskoud,Nielson,dutch pop,2018
742,Welterusten Mijnheer De President,Boudewijn de Groot,dutch indie,2018
743,Jimmy,Boudewijn de Groot,dutch indie,2018
744,Bad Liar,Imagine Dragons,modern rock,2018
745,Sammy,Ramses Shaffy,dutch cabaret,2018
746,High Hopes,Panic! At The Disco,baroque pop,2018
747,Het Land Van Maas En Waal,Boudewijn de Groot,dutch indie,2018
751,Een Beetje Verliefd,Andre Hazes,dutch pop,2018
752,Someone You Loved,Lewis Capaldi,pop,2018
753,Banger Hart - Radio Mix,Rob De Nijs,dutch pop,2018
754,Malle Babbe,Rob De Nijs,dutch pop,2018
755,Vluchten Kan Niet Meer,Frans Halsema,dutch rock,2018
758,Het Is Koud Zonder Jou,Andre Hazes,dutch pop,2018
759,N Vriend,Andre Hazes,dutch pop,2018
760,Always Remember Us This Way,Lady Gaga,dance pop,2018
761,Een Meisje Van Zestien,Boudewijn de Groot,dutch indie,2018
762,Why Don't You Do Right,Beth Hart,blues rock,2018
763,De Zon Op,Diggy Dex,dutch hip hop,2018
765,Prikkebeen,Boudewijn de Groot,dutch indie,2018
767,Als De Rook Om Je Hoofd Is Verdwenen,Boudewijn de Groot,dutch indie,2018
771,Het Laatste Rondje - Remastered,Andre Hazes,dutch pop,2018
772,Guiding Light,Mumford & Sons,modern folk rock,2018
773,Havana (feat. Young Thug),Camila Cabello,dance pop,2018
774,Hou Vol Hou Vast,BLØF,dutch pop,2018
775,One Kiss (with Dua Lipa),Calvin Harris,dance pop,2018
776,Nothing Breaks Like a Heart (feat. Miley Cyrus),Mark Ronson,dance pop,2018
778,In My Blood,Shawn Mendes,canadian pop,2018
780,Arcade,Duncan Laurence,dutch pop,2019
781,A Whiter Shade of Pale - Original Single Version,Procol Harum,album rock,2019
782,Don't You (Forget About Me),Simple Minds,art rock,2019
783,The Load-Out - Remastered,Jackson Browne,album rock,2019
784,Stay - Remastered,Jackson Browne,album rock,2019
785,Last Christmas,Wham!,dance rock,2019
788,Memories,Maroon 5,pop,2019
789,Love Like Blood,Killing Joke,alternative metal,2019
790,Reünie,Snelle,dutch hip hop,2019
791,About A Girl - Live Version,Nirvana,alternative rock,2019
792,DEUTSCHLAND,Rammstein,alternative metal,2019
793,Phantom Of The Opera,Floor Jansen,dutch pop,2019
794,Dance Monkey,Tones and I,australian pop,2019
795,Blauwe Dag,Suzan & Freek,dutch pop,2019
796,Homburg - Single Version - 2009 Remaster - Mono,Procol Harum,album rock,2019
797,Uncharted,Kensington,dutch pop,2019
799,Dancing On My Own,Calum Scott,australian pop,2019
800,Child in Time,Deep Purple,album rock,1970
801,Let It Be - Remastered 2009,The Beatles,british invasion,1970
802,Bridge Over Troubled Water,Simon & Garfunkel,classic rock,1970
803,Paranoid - 2016 Remaster,Black Sabbath,album rock,1970
804,Have You Ever Seen The Rain,Creedence Clearwater Revival,album rock,1970
805,Your Song,Elton John,glam rock,1970
806,The Boxer,Simon & Garfunkel,classic rock,1970
809,Samba Pa Ti,Santana,blues rock,1970
810,Immigrant Song - Remaster,Led Zeppelin,album rock,1970
811,Who'll Stop The Rain,Creedence Clearwater Revival,album rock,1970
812,Our House,"Crosby, Stills, Nash & Young",album rock,1970
813,Teach Your Children,"Crosby, Stills, Nash & Young",album rock,1970
814,The Long And Winding Road - Remastered 2009,The Beatles,british invasion,1970
816,Almost Cut My Hair,"Crosby, Stills, Nash & Young",album rock,1970
817,El Condor Pasa (If I Could),Simon & Garfunkel,classic rock,1970
818,Question,The Moody Blues,album rock,1970
819,I Heard It Through The Grapevine,Creedence Clearwater Revival,album rock,1970
820,Since I've Been Loving You - 1990 Remaster,Led Zeppelin,album rock,1970
821,Get Back - Remastered 2009,The Beatles,british invasion,1970
822,The Man Who Sold the World - 2015 Remaster,David Bowie,album rock,1970
823,Long As I Can See The Light,Creedence Clearwater Revival,album rock,1970
824,Roadhouse Blues,The Doors,album rock,1970
825,My Sweet Lord,George Harrison,album rock,1970
826,Memories,Earth & Fire,classic uk pop,1970
827,Cecilia,Simon & Garfunkel,classic rock,1970
828,Fire and Rain,James Taylor,adult standards,1970
829,Lookin' Out My Back Door,Creedence Clearwater Revival,album rock,1970
830,25 or 6 to 4 - 2002 Remaster,Chicago,adult standards,1970
831,Working Class Hero - Remastered 2010 / Lennon Legend Version,John Lennon,album rock,1970
832,Lucky Man - 2012 Remastered Version,"Emerson, Lake & Palmer",album rock,1970
833,Into the Mystic - 2013 Remaster,Van Morrison,classic rock,1970
834,Carry On,"Crosby, Stills, Nash & Young",album rock,1970
835,(They Long To Be) Close To You,Carpenters,adult standards,1970
836,Move On Up,Curtis Mayfield,chicago soul,1970
837,Tears In The Morning - Remastered 2009,The Beach Boys,baroque pop,1970
838,Up Around The Bend,Creedence Clearwater Revival,album rock,1970
839,Southern Man - 2009 Remaster,Neil Young,album rock,1970
840,Stairway to Heaven - Remaster,Led Zeppelin,album rock,1971
841,Imagine - Remastered,John Lennon,album rock,1971
842,Riders on the Storm,The Doors,album rock,1971
843,Echoes,Pink Floyd,album rock,1971
844,Vincent,Don McLean,adult standards,1971
845,Me and Bobby McGee,Janis Joplin,blues rock,1971
846,Baba O'Riley,The Who,album rock,1971
847,Life on Mars? - 2015 Remaster,David Bowie,album rock,1971
848,I Am...I Said - Single Version,Neil Diamond,adult standards,1971
849,Ain't No Sunshine,Bill Withers,classic soul,1971
850,Wild Horses,The Rolling Stones,album rock,1971
851,L.A. Woman,The Doors,album rock,1971
852,What's Going On,Marvin Gaye,classic soul,1971
853,Halo of Flies,Alice Cooper,album rock,1971
854,American Pie,Don McLean,adult standards,1971
855,Tiny Dancer,Elton John,glam rock,1971
857,One Way Wind,The Cats,classic uk pop,1971
858,One of These Days,Pink Floyd,album rock,1971
859,Nothing Rhymed,Gilbert O'Sullivan,adult standards,1971
860,Brown Sugar - Remastered,The Rolling Stones,album rock,1971
861,You've Got a Friend,Carole King,adult standards,1971
862,Locomotive Breath,Jethro Tull,album rock,1971
863,She Flies On Strange Wings,Golden Earring,album rock,1971
864,Changes - 2015 Remaster,David Bowie,album rock,1971
865,Mercedes Benz,Janis Joplin,blues rock,1971
866,Honky Tonk Women - Mono Version,The Rolling Stones,album rock,1971
867,You've Got a Friend,James Taylor,adult standards,1971
868,Cry Baby,Janis Joplin,blues rock,1971
869,Storm And Thunder,Earth & Fire,classic uk pop,1971
870,Roundabout - 2003 Remaster,Yes,album rock,1971
871,Maggie May,Rod Stewart,adult standards,1971
872,Won't Get Fooled Again - Original Album Version,The Who,album rock,1971
874,Give Up Your Guns,The Buoys,alternative pop rock,1971
875,Love Her Madly,The Doors,album rock,1971
876,Rock and Roll - Remaster,Led Zeppelin,album rock,1971
877,Black Dog - Remaster,Led Zeppelin,album rock,1971
880,Behind Blue Eyes,The Who,album rock,1971
881,Yours Is No Disgrace - 2003 Remaster,Yes,album rock,1971
882,See Emily Play,Pink Floyd,album rock,1971
883,Smoke on the Water,Deep Purple,album rock,1972
884,Perfect Day,Lou Reed,art rock,1972
885,"Rocket Man (I Think It's Going To Be A Long, Long Time)",Elton John,glam rock,1972
886,Heart of Gold - 2009 Remaster,Neil Young,album rock,1972
887,Starman - 2012 Remaster,David Bowie,album rock,1972
888,Take It Easy - 2013 Remaster,Eagles,album rock,1972
889,A Horse with No Name,America,album rock,1972
890,Time In A Bottle,Jim Croce,adult standards,1972
891,Lola - Live,The Kinks,album rock,1972
892,Easy Livin',Uriah Heep,album rock,1972
893,Ben - Single Version,Michael Jackson,pop,1972
894,Walk On the Wild Side,Lou Reed,art rock,1972
895,She's A Rainbow - Full Version / With Intro,The Rolling Stones,album rock,1972
896,You're so Vain,Carly Simon,adult standards,1972
897,Ziggy Stardust - 2012 Remaster,David Bowie,album rock,1972
898,Whiskey In The Jar,Thin Lizzy,album rock,1972
899,Listen to the Music,The Doobie Brothers,album rock,1972
900,Top Of The World,Carpenters,adult standards,1972
901,School's Out,Alice Cooper,album rock,1972
903,Harvest - 2009 Remaster,Neil Young,album rock,1972
904,Sylvia's Mother,Dr. Hook,bubblegum pop,1972
905,"Close to the Edge (i. The Solid Time of Change, ii. Total Mass Retain, iii. I Get up I Get Down, iv. Seasons of Man) - 2003 Remaster",Yes,album rock,1972
906,Ventura Highway,America,album rock,1972
907,Witchy Woman - Eagles 2013 Remaster,Eagles,album rock,1972
908,Song Sung Blue - Single Version,Neil Diamond,adult standards,1972
909,Sylvia,Focus,album rock,1972
910,Peaceful Easy Feeling - Eagles 2013 Remaster,Eagles,album rock,1972
911,Do It Again,Steely Dan,album rock,1972
912,Radar Love,Golden Earring,album rock,1973
913,Angie,The Rolling Stones,album rock,1973
914,Desperado - 2013 Remaster,Eagles,album rock,1973
915,Dream On,Aerosmith,album rock,1973
916,Time,Pink Floyd,album rock,1973
917,Free Bird,Lynyrd Skynyrd,album rock,1973
918,Money,Pink Floyd,album rock,1973
919,Always On My Mind,Elvis Presley,adult standards,1973
920,The Great Gig in the Sky,Pink Floyd,album rock,1973
921,La Grange - 2005 Remaster,ZZ Top,album rock,1973
922,"Leaving, On a Jet Plane - ""Greatest Hits"" Version",John Denver,adult standards,1973
923,Us and Them,Pink Floyd,album rock,1973
924,Firth of Fifth - New Stereo Mix,Genesis,album rock,1973
925,Band On The Run - Remastered 2010,Paul McCartney,album rock,1973
926,Sebastian - 2012 Remaster,Steve Harley & Cockney Rebel,classic uk pop,1973
927,Tequila Sunrise - 2013 Remaster,Eagles,album rock,1973
928,Knockin' On Heaven's Door - Remastered,Bob Dylan,album rock,1973
929,Burning Love,Elvis Presley,adult standards,1973
930,Goodbye Yellow Brick Road - Remastered 2014,Elton John,glam rock,1973
931,Midnight Train to Georgia,Gladys Knight & The Pips,brill building pop,1973
932,Daniel,Elton John,glam rock,1973
933,The Joker,Steve Miller Band,album rock,1973
934,Long Train Runnin',The Doobie Brothers,album rock,1973
935,I'll Have To Say I Love You In A Song,Jim Croce,adult standards,1973
936,The Jean Genie - 2013 Remaster,David Bowie,album rock,1973
937,Merry Xmas Everybody,Slade,album rock,1973
938,Woman from Tokyo,Deep Purple,album rock,1973
939,Don't Let Me Down - Remastered 2009,The Beatles,british invasion,1973
940,Let's Get It On,Marvin Gaye,classic soul,1973
941,School,Supertramp,album rock,1974
942,Jolene,Dolly Parton,classic country pop,1974
943,Killer Queen - 2011 Mix,Queen,glam rock,1974
944,Sweet Home Alabama,Lynyrd Skynyrd,album rock,1974
946,Annie's Song,John Denver,adult standards,1974
947,Dreamer,Supertramp,album rock,1974
948,You Are So Beautiful,Joe Cocker,album rock,1974
949,My Boy,Elvis Presley,adult standards,1974
950,Rebel Rebel - 2016 Remaster,David Bowie,album rock,1974
951,Crime Of The Century,Supertramp,album rock,1974
952,Autobahn - 2009 Remaster,Kraftwerk,dance rock,1974
953,I Will Always Love You,Dolly Parton,classic country pop,1974
954,Thank God I'm a Country Boy,John Denver,adult standards,1974
955,The Air That I Breathe - 2008 Remaster,The Hollies,adult standards,1974
956,Love Is All,Roger Glover,hard rock,1974
957,Hide In Your Shell,Supertramp,album rock,1974
958,Gute Nacht Freunde,Reinhard Mey,german pop,1974
959,Fox On The Run,Sweet,album rock,1974
960,You Ain't Seen Nothing Yet,Bachman-Turner Overdrive,album rock,1974
961,Mandy,Barry Manilow,adult standards,1974
962,Can't Get It out of My Head,Electric Light Orchestra,album rock,1974
963,The Way We Were,Barbra Streisand,adult standards,1974
964,Bohemian Rhapsody - 2011 Mix,Queen,glam rock,1975
965,Love Of My Life - Remastered 2011,Queen,glam rock,1975
966,Shine On You Crazy Diamond (Pts. 1-5),Pink Floyd,album rock,1975
967,Born to Run,Bruce Springsteen,classic rock,1975
968,Kashmir - 1990 Remaster,Led Zeppelin,album rock,1975
970,One of These Nights - 2013 Remaster,Eagles,album rock,1975
972,Landslide,Fleetwood Mac,album rock,1975
973,Thunder Road,Bruce Springsteen,classic rock,1975
974,I'm Not In Love,10cc,album rock,1975
975,Rhiannon,Fleetwood Mac,album rock,1975
976,Lyin' Eyes - 2013 Remaster,Eagles,album rock,1975
977,You're My Best Friend - Remastered 2011,Queen,glam rock,1975
978,Jungleland,Bruce Springsteen,classic rock,1975
979,Love Hurts,Nazareth,album rock,1975
980,Down Down,Status Quo,album rock,1975
981,Sailing,Rod Stewart,adult standards,1975
982,39 - 2011 Mix,Queen,glam rock,1975
983,Calypso,John Denver,adult standards,1975
984,50 Ways to Leave Your Lover,Paul Simon,classic rock,1975
985,It's A Long Way There - 2010 Digital Remaster,Little River Band,album rock,1975
986,Crazy On You,Heart,album rock,1975
987,Wij Zullen Doorgaan - 1975 Single Version,Ramses Shaffy,dutch cabaret,1975
988,Make Me Smile (Come up and See Me) - 2014 Remaster,Steve Harley,classic uk pop,1975
991,Nights On Broadway,Bee Gees,adult standards,1975
992,At Seventeen - Remastered,Janis Ian,classic uk pop,1975
993,Take It to the Limit - 2013 Remaster,Eagles,album rock,1975
994,Fame - 2016 Remaster,David Bowie,album rock,1975
996,Show Me The Way,Peter Frampton,album rock,1975
997,Meeting Across the River,Bruce Springsteen,classic rock,1975
998,Love Is The Drug,Roxy Music,album rock,1975
999,Still Crazy After All These Years,Paul Simon,classic rock,1975
1000,Hotel California - 2013 Remaster,Eagles,album rock,1976
1001,Somebody To Love - 2011 Mix,Queen,glam rock,1976
1003,The Last Resort - 2013 Remaster,Eagles,album rock,1976
1004,Hurricane,Bob Dylan,album rock,1976
1005,More Than a Feeling,Boston,album rock,1976
1006,(Don't Fear) The Reaper,Blue Öyster Cult,album rock,1976
1007,New Kid in Town - 2013 Remaster,Eagles,album rock,1976
1008,If You Leave Me Now,Chicago,adult standards,1976
1009,Wild Is the Wind - 2016 Remaster,David Bowie,album rock,1976
1010,Tie Your Mother Down - Remastered 2011,Queen,glam rock,1976
1013,Fool To Cry - Remastered 2009,The Rolling Stones,album rock,1976
1014,Carry on Wayward Son,Kansas,album rock,1976
1015,New York State of Mind,Billy Joel,album rock,1976
1016,Golden Years - 2016 Remaster,David Bowie,album rock,1976
1017,Isn't She Lovely,Stevie Wonder,adult standards,1976
1018,I Wish,Stevie Wonder,adult standards,1976
1020,The Boys Are Back In Town,Thin Lizzy,album rock,1976
1021,Livin' Thing,Electric Light Orchestra,album rock,1976
1022,Sir Duke,Stevie Wonder,adult standards,1976
1023,Blitzkrieg Bop - 2016 Remaster,Ramones,classic rock,1976
1024,Fly Like An Eagle,Steve Miller Band,album rock,1976
1025,Blinded By The Light,Manfred Mann's Earth Band,album rock,1976
1027,The Ballroom Blitz,Sweet,album rock,1976
1029,Wasted Time - 2013 Remaster,Eagles,album rock,1976
1030,Theme From Mahogany (Do You Know Where You're Going To) - Single Version,Diana Ross,adult standards,1976
1031,Heroes - 2017 Remaster,David Bowie,album rock,1977
1032,Paradise By the Dashboard Light,Meat Loaf,album rock,1977
1033,Go Your Own Way - 2004 Remaster,Fleetwood Mac,album rock,1977
1034,Mr. Blue Sky,Electric Light Orchestra,album rock,1977
1035,Fool's Overture,Supertramp,album rock,1977
1036,Whole Lotta Rosie,AC/DC,album rock,1977
1037,We Will Rock You - Remastered,Queen,glam rock,1977
1038,The Chain - 2004 Remaster,Fleetwood Mac,album rock,1977
1040,We Are The Champions - Remastered 2011,Queen,glam rock,1977
1041,She's Always a Woman,Billy Joel,album rock,1977
1042,Worn Down Piano,The Mark & Clark Band,classic rock,1977
1043,Dust in the Wind,Kansas,album rock,1977
1044,Bat Out of Hell,Meat Loaf,album rock,1977
1045,Solsbury Hill,Peter Gabriel,album rock,1977
1047,Wonderful Tonight,Eric Clapton,album rock,1977
1048,Lust For Life,Iggy Pop,alternative rock,1977
1049,She's Not There,Santana,blues rock,1977
1050,Stayin' Alive,Bee Gees,adult standards,1977
1051,Psycho Killer - 2005 Remaster,Talking Heads,alternative rock,1977
1053,Songbird - 2004 Remaster,Fleetwood Mac,album rock,1977
1054,Let There Be Rock,AC/DC,album rock,1977
1055,Don't Stop - 2004 Remaster,Fleetwood Mac,album rock,1977
1056,I Feel Love,Donna Summer,dance pop,1977
1057,The Passenger,Iggy Pop,alternative rock,1977
1058,Het Werd Zomer,Rob De Nijs,dutch pop,1977
1060,Give A Little Bit,Supertramp,album rock,1977
1061,Sound and Vision - 2017 Remaster,David Bowie,album rock,1977
1062,Spread Your Wings - 2011 Mix,Queen,glam rock,1977
1063,You Took The Words Right Out of My Mouth (Hot Summer Night),Meat Loaf,album rock,1977
1064,Two Out of Three Ain't Bad,Meat Loaf,album rock,1977
1065,Cocaine,Eric Clapton,album rock,1977
1066,Barracuda,Heart,album rock,1977
1068,Cold as Ice,Foreigner,album rock,1977
1071,I Want You to Want Me,Cheap Trick,album rock,1977
1072,Scenes from an Italian Restaurant,Billy Joel,album rock,1977
1074,La vie en rose,Grace Jones,art rock,1977
1075,Spanish Stroll,Mink DeVille,dutch rock,1977
1077,Lovely Day,Bill Withers,classic soul,1977
1078,Isn't It Time,The Babys,album rock,1977
1079,Just the Way You Are,Billy Joel,album rock,1977
1081,You Make Loving Fun - 2004 Remaster,Fleetwood Mac,album rock,1977
1082,Sultans of Swing,Dire Straits,album rock,1978
1083,Don't Stop Me Now - 2011 Mix,Queen,glam rock,1978
1084,Laat Me,Ramses Shaffy,dutch cabaret,1978
1085,Wuthering Heights,Kate Bush,art pop,1978
1086,Saturday Night,Herman Brood & His Wild Romance,dutch indie,1978
1087,Roxanne,The Police,album rock,1978
1088,Hold the Line,TOTO,album rock,1978
1089,The Man with the Child in His Eyes,Kate Bush,art pop,1978
1090,Badlands,Bruce Springsteen,classic rock,1978
1091,Baker Street,Gerry Rafferty,album rock,1978
1092,Dreadlock Holiday,10cc,album rock,1978
1093,Fat Bottomed Girls - Single Version,Queen,glam rock,1978
1094,Runnin' with the Devil - 2015 Remaster,Van Halen,album rock,1978
1095,Bicycle Race - Remastered 2011,Queen,glam rock,1978
1096,Follow You Follow Me - 2007 Remaster,Genesis,album rock,1978
1097,So Lonely,The Police,album rock,1978
1098,How You Gonna See Me Now,Alice Cooper,album rock,1978
1099,Miss You - Remastered,The Rolling Stones,album rock,1978
1102,Because the Night,Patti Smith,art pop,1978
1103,What a Fool Believes,The Doobie Brothers,album rock,1978
1104,Still Believe,Herman Brood & His Wild Romance,dutch indie,1978
1106,Don't Look Back,Boston,album rock,1978
1107,Beast Of Burden - Remastered,The Rolling Stones,album rock,1978
1108,Honesty,Billy Joel,album rock,1978
1110,Fire,The Pointer Sisters,dance pop,1978
1111,You Don't Bring Me Flowers,Neil Diamond,adult standards,1978
1112,Water of Love,Dire Straits,album rock,1978
1113,Comfortably Numb,Pink Floyd,album rock,1979
1114,Highway to Hell,AC/DC,album rock,1979
1115,"Another Brick in the Wall, Pt. 2",Pink Floyd,album rock,1979
1116,The Rose,Bette Midler,adult standards,1979
1117,The Logical Song - Remastered 2010,Supertramp,album rock,1979
1118,I Was Made For Lovin' You,KISS,album rock,1979
1120,Message In A Bottle,The Police,album rock,1979
1121,Hey You,Pink Floyd,album rock,1979
1122,One Step Beyond,Madness,dance rock,1979
1125,How Deep Is Your Love,Bee Gees,adult standards,1979
1126,Bright Eyes,Art Garfunkel,adult standards,1979
1127,Take The Long Way Home - 2010 Remastered,Supertramp,album rock,1979
1128,Breakfast In America - Remastered,Supertramp,album rock,1979
1131,Boys Don't Cry - Single Version,The Cure,dance rock,1979
1133,September Morn,Neil Diamond,adult standards,1979
1134,MacArthur Park - Single Version,Donna Summer,dance pop,1979
1135,Don't Stop 'Til You Get Enough - Single Version,Michael Jackson,pop,1979
1136,London Calling - Remastered,The Clash,classic rock,1979
1137,Night Boat to Cairo,Madness,dance rock,1979
1138,Goodbye Stranger - 2010 Remastered,Supertramp,album rock,1979
1139,Walking On The Moon,The Police,album rock,1979
1140,Don't Bring Me Down,Electric Light Orchestra,album rock,1979
1141,Tragedy,Bee Gees,adult standards,1979
1142,Off the Wall,Michael Jackson,pop,1979
1143,The Worker,Fischer-Z,dutch rock,1979
1144,Sure Know Something,KISS,album rock,1979
1146,Weekend Love,Golden Earring,album rock,1979
1147,"More Than A Woman - From ""Saturday Night Fever"" Soundtrack",Bee Gees,adult standards,1979
1148,Rock with You - Single Version,Michael Jackson,pop,1979
1149,Weekend,Earth & Fire,classic uk pop,1979
1150,Dancin' Fool,Frank Zappa,album rock,1979
1151,We Belong to the Night,Ellen Foley,pop,1979
1153,The River,Bruce Springsteen,classic rock,1980
1154,A Forest - Remastered Version,The Cure,dance rock,1980
1156,Ace of Spades,Motörhead,album rock,1980
1157,Another One Bites The Dust - Remastered 2011,Queen,glam rock,1980
1158,Back In Black,AC/DC,album rock,1980
1159,Romeo and Juliet,Dire Straits,album rock,1980
1161,You Shook Me All Night Long,AC/DC,album rock,1980
1162,Crazy Little Thing Called Love - Remastered 2011,Queen,glam rock,1980
1164,Long Blond Animal,Golden Earring,album rock,1980
1166,Once in a Lifetime - 2005 Remaster,Talking Heads,alternative rock,1980
1167,The Turn of a Friendly Card,The Alan Parsons Project,album rock,1980
1168,So Long,Fischer-Z,dutch rock,1980
1169,Tunnel of Love (Intro: The Carousel Waltz),Dire Straits,album rock,1980
1171,Ashes to Ashes - 2017 Remaster,David Bowie,album rock,1980
1172,Foto Van Vroeger,Rob De Nijs,dutch pop,1980
1174,9 to 5,Dolly Parton,classic country pop,1980
1177,Save Me - Remastered 2011,Queen,glam rock,1980
1178,Keep on Loving You,REO Speedwagon,album rock,1980
1179,Woman in Love,Barbra Streisand,adult standards,1980
1180,The Spirit Of Radio,Rush,album rock,1980
1181,Baggy Trousers,Madness,dance rock,1980
1182,Hungry Heart,Bruce Springsteen,classic rock,1980
1183,Guilty (feat. Barry Gibb),Barbra Streisand,adult standards,1980
1184,Biko,Peter Gabriel,album rock,1980
1186,Late in the Evening,Paul Simon,classic rock,1980
1187,Enola Gay - Remastered,Orchestral Manoeuvres In The Dark,art rock,1980
1188,Master Blaster (Jammin'),Stevie Wonder,adult standards,1980
1189,Don't Stand So Close To Me,The Police,album rock,1980
1190,Wish You Were Here,Pink Floyd,album rock,1981
1192,Don't Stop Believin',Journey,album rock,1981
1194,Golden Brown,The Stranglers,art rock,1981
1195,Every Little Thing She Does Is Magic,The Police,album rock,1981
1196,Start Me Up - Remastered,The Rolling Stones,album rock,1981
1198,Waiting On A Friend - Remastered 2009,The Rolling Stones,album rock,1981
1199,Tainted Love,Soft Cell,dance rock,1981
1200,Memory,Barbra Streisand,adult standards,1981
1201,Everytime I Think of You - 2000 Remaster,The Babys,album rock,1981
1202,Don't You Want Me,The Human League,art rock,1981
1203,I'll Find My Way Home - Remastered,Jon & Vangelis,album rock,1981
1204,Je Loog Tegen Mij,Drukwerk,dutch rock,1981
1205,Africa,TOTO,album rock,1982
1206,Telegraph Road,Dire Straits,album rock,1982
1207,Under Pressure - Remastered,Queen,glam rock,1982
1208,Old and Wise,The Alan Parsons Project,album rock,1982
1209,Private Investigations,Dire Straits,album rock,1982
1210,Billie Jean,Michael Jackson,pop,1982
1211,Run to the Hills - 2015 Remaster,Iron Maiden,album rock,1982
1212,Twilight Zone,Golden Earring,album rock,1982
1213,Eye In The Sky,The Alan Parsons Project,album rock,1982
1214,Rosanna,TOTO,album rock,1982
1215,Is She Really Going Out With Him? - Live,Joe Jackson,album rock,1982
1216,Bloedend Hart,De Dijk,dutch indie,1982
1217,Belgie ... (Is Er Leven Op Pluto ...),Het Goede Doel,dutch pop,1982
1219,Islands In the Stream,Dolly Parton,classic country pop,1982
1220,Real Men,Joe Jackson,album rock,1982
1221,Come On Eileen,Dexys Midnight Runners,bow pop,1982
1222,Kristallnaach,BAP,german pop,1982
1223,State of Independence,Donna Summer,dance pop,1982
1225,Burning Heart,Vandenberg,dutch rock,1982
1226,Always On My Mind,Willie Nelson,classic country pop,1982
1227,Sexual Healing,Marvin Gaye,classic soul,1982
1228,Vriendschap,Het Goede Doel,dutch pop,1982
1229,Human Nature,Michael Jackson,pop,1982
1230,Save a Prayer - 2009 Remaster,Duran Duran,dance rock,1982
1231,Should I Stay or Should I Go - Remastered,The Clash,classic rock,1982
1232,P.Y.T. (Pretty Young Thing),Michael Jackson,pop,1982
1233,Wanna Be Startin' Somethin',Michael Jackson,pop,1982
1234,It's Raining Again,Supertramp,album rock,1982
1235,Steppin' Out,Joe Jackson,album rock,1982
1236,A Slow Song,Joe Jackson,album rock,1982
1237,Sunday Bloody Sunday - Remastered 2008,U2,irish rock,1983
1238,Every Breath You Take,The Police,album rock,1983
1239,Mama - 2007 Remaster,Genesis,album rock,1983
1240,99 Luftballons,Nena,german pop,1983
1241,Sweet Dreams (Are Made of This) - Remastered,Eurythmics,dance pop,1983
1242,I'm Still Standing,Elton John,glam rock,1983
1243,Let's Dance - 2018 Remaster,David Bowie,album rock,1983
1244,China Girl - 2002 Remaster,David Bowie,album rock,1983
1245,Owner of a Lonely Heart,Yes,album rock,1983
1246,Waterfront - 2002 Remaster,Simple Minds,art rock,1983
1247,Our House,Madness,dance rock,1983
1248,Just Can't Get Enough (Live in Hammersmith) - 2018 Remaster,Depeche Mode,dance rock,1983
1249,Message To My Girl,Split Enz,australian alternative rock,1983
1250,Hello,Lionel Richie,adult standards,1983
1251,Pride and Joy,Stevie Ray Vaughan,album rock,1983
1252,Uptown Girl,Billy Joel,album rock,1983
1253,I Heard It Through The Grapevine,Marvin Gaye,classic soul,1983
1254,Nescio,Nits,dutch indie,1983
1255,Uncertain Smile,The The,art rock,1983
1256,Home by the Sea - 2007 Remaster,Genesis,album rock,1983
1258,Nur geträumt,Nena,german pop,1983
1259,Gloria - Live,U2,irish rock,1983
1260,Here Comes the Rain Again - Remastered Version,Eurythmics,dance pop,1983
1261,Girls Just Want to Have Fun,Cyndi Lauper,dance pop,1983
1262,Club Tropicana,Wham!,dance rock,1983
1263,Papa Can You Hear Me?,Barbra Streisand,adult standards,1983
1264,Karma Chameleon - Remastered,Culture Club,dance pop,1983
1266,Beast of Burden,Bette Midler,adult standards,1983
1268,When The Lady Smiles,Golden Earring,album rock,1984
1270,Summer Of '69,Bryan Adams,album rock,1984
1271,Radio Ga Ga - 2011 Mix,Queen,glam rock,1984
1272,The Unforgettable Fire - Remastered 2009,U2,irish rock,1984
1273,Bad - Remastered 2009,U2,irish rock,1984
1274,I'm On Fire,Bruce Springsteen,classic rock,1984
1275,Pride (In The Name Of Love) - Remastered 2009,U2,irish rock,1984
1276,Fade To Black (Remastered),Metallica,alternative metal,1984
1277,Dancing In the Dark,Bruce Springsteen,classic rock,1984
1278,Forever Young,Alphaville,dance rock,1984
1280,I Want to Know What Love Is - 1999 Remaster,Foreigner,album rock,1984
1281,Born in the U.S.A.,Bruce Springsteen,classic rock,1984
1282,Vienna,Ultravox,art rock,1984
1283,My Hometown,Bruce Springsteen,classic rock,1984
1284,Slippery People - Live,Talking Heads,alternative rock,1984
1285,The Power Of Love,Frankie Goes To Hollywood,art rock,1984
1286,The Boys Of Summer,Don Henley,album rock,1984
1288,Easy Lover,Philip Bailey,yacht rock,1984
1289,Be My Number Two,Joe Jackson,album rock,1984
1290,Tinseltown in the Rain,The Blue Nile,art rock,1984
1291,Glory Days,Bruce Springsteen,classic rock,1984
1292,It's My Life - 1997 Remaster,Talk Talk,art rock,1984
1293,Heaven,Bryan Adams,album rock,1984
1294,Smalltown Boy,Bronski Beat,dance rock,1984
1296,Thank God It's Christmas - 2011 Remaster,Queen,glam rock,1984
1298,Wake Me up Before You Go-Go,Wham!,dance rock,1984
1299,You'll Never Walk Alone,Lee Towers,dutch pop,1984
1300,Run To You,Bryan Adams,album rock,1984
1301,Perhaps Love,John Denver,adult standards,1984
1302,Don't Answer Me,The Alan Parsons Project,album rock,1984
1303,Nightporter,Japan,art pop,1984
1304,Big in Japan,Alphaville,dance rock,1984
1305,Relax,Frankie Goes To Hollywood,art rock,1984
1306,Two Tribes,Frankie Goes To Hollywood,art rock,1984
1307,Dancing with Tears in My Eyes,Ultravox,art rock,1984
1308,That Was Yesterday,Foreigner,album rock,1984
1309,How Soon Is Now? - 2011 Remaster,The Smiths,dance rock,1984
1310,No Surrender,Bruce Springsteen,classic rock,1984
1311,Brothers in Arms,Dire Straits,album rock,1985
1313,Money for Nothing,Dire Straits,album rock,1985
1314,Kronenburg Park,Frank Boeijen Groep,dutch cabaret,1985
1315,Walk of Life,Dire Straits,album rock,1985
1316,Take on Me,a-ha,dance rock,1985
1317,Groot Hart,De Dijk,dutch indie,1985
1318,Alive And Kicking,Simple Minds,art rock,1985
1319,Holding Back the Years - 2008 Remaster,Simply Red,british soul,1985
1320,Running Up That Hill (A Deal With God),Kate Bush,art pop,1985
1321,Cloudbusting,Kate Bush,art pop,1985
1322,Binnen Zonder Kloppen,De Dijk,dutch indie,1985
1323,Nikita,Elton John,glam rock,1985
1324,Everybody Wants To Rule The World,Tears For Fears,art rock,1985
1325,Eye of the Tiger,Survivor,album rock,1985
1326,Russians,Sting,permanent wave,1985
1327,Dancing in the Street - 2002 Remaster,David Bowie,album rock,1985
1329,Your Latest Trick,Dire Straits,album rock,1985
1330,Road to Nowhere,Talking Heads,alternative rock,1985
1331,Why Worry,Dire Straits,album rock,1985
1332,Close to Me - Remastered,The Cure,dance rock,1985
1333,So Far Away,Dire Straits,album rock,1985
1334,Broken Wings,Mr. Mister,album rock,1985
1335,Shout,Tears For Fears,art rock,1985
1336,Josephine,Chris Rea,art rock,1985
1337,Greatest Love of All,Whitney Houston,dance pop,1985
1338,In Between Days - 2006 Remaster,The Cure,dance rock,1985
1340,Moon Over Bourbon Street,Sting,permanent wave,1985
1342,Out In The Fields,Gary Moore,album rock,1985
1343,Hunting High and Low,a-ha,dance rock,1985
1345,Master of Puppets (Remastered),Metallica,alternative metal,1986
1346,Angel Of Death,Slayer,alternative metal,1986
1347,Livin' On A Prayer,Bon Jovi,glam metal,1986
1348,Graceland,Paul Simon,classic rock,1986
1349,Don't Give Up - 2012 Remaster,Peter Gabriel,album rock,1986
1351,A Kind Of Magic - Remastered 2011,Queen,glam rock,1986
1352,The Final Countdown,Europe,album rock,1986
1353,De Verzoening,Frank Boeijen Groep,dutch cabaret,1986
1354,I Want You,Elvis Costello & The Attractions,art rock,1986
1355,You Can Call Me Al,Paul Simon,classic rock,1986
1356,Don't Dream It's Over,Crowded House,australian pop,1986
1357,Land of Confusion - 2007 Remaster,Genesis,album rock,1986
1358,Life's What You Make It - 1997 Remaster,Talk Talk,art rock,1986
1359,There Is a Light That Never Goes Out - 2011 Remaster,The Smiths,dance rock,1986
1360,You Give Love A Bad Name,Bon Jovi,glam metal,1986
1361,The Lady In Red,Chris de Burgh,classic uk pop,1986
1362,One Vision - Remastered 2011,Queen,glam rock,1986
1363,Diamonds on the Soles of Her Shoes,Paul Simon,classic rock,1986
1364,Absolute Beginners - 2002 Remaster,David Bowie,album rock,1986
1365,Friends Will Be Friends - Remastered 2011,Queen,glam rock,1986
1368,Wanted Dead Or Alive,Bon Jovi,glam metal,1986
1369,True Colors,Cyndi Lauper,dance pop,1986
1370,Bigmouth Strikes Again - 2011 Remaster,The Smiths,dance rock,1986
1371,Anne,Herman van Veen,dutch pop,1986
1372,You Can Leave Your Hat On,Joe Cocker,album rock,1986
1373,Living in Another World - 1997 Remaster,Talk Talk,art rock,1986
1374,"Fire - Live at the Winterland, San Francisco, CA - December 1978",Bruce Springsteen,classic rock,1986
1375,Sledgehammer - 2012 Remaster,Peter Gabriel,album rock,1986
1376,Don't Leave Me This Way (with Sarah Jane Morris),The Communards,dance rock,1986
1377,The Way It Is,Bruce Hornsby,album rock,1986
1378,Walk This Way (feat. Aerosmith),Run–D.M.C.,east coast hip hop,1986
1379,I'll Be Over You,TOTO,album rock,1986
1380,Why Can't This Be Love,Van Halen,album rock,1986
1381,In Your Eyes - 2012 Remaster,Peter Gabriel,album rock,1986
1382,Fight For Your Right,Beastie Boys,alternative rock,1986
1383,Homeless (with Ladysmith Black Mambazo),Paul Simon,classic rock,1986
1384,Live to Tell,Madonna,dance pop,1986
1385,West End Girls - 2001 Remaster,Pet Shop Boys,art pop,1986
1386,Invisible Touch - 2007 Remaster,Genesis,album rock,1986
1387,Over De Muur,Klein Orkest,dutch indie,1987
1388,Sweet Child O' Mine,Guns N' Roses,glam metal,1987
1389,With Or Without You - Remastered,U2,irish rock,1987
1390,Where The Streets Have No Name - Remastered,U2,irish rock,1987
1391,I Still Haven't Found What I'm Looking For,U2,irish rock,1987
1392,Paradise City,Guns N' Roses,glam metal,1987
1393,Fragile,Sting,permanent wave,1987
1394,Englishman In New York,Sting,permanent wave,1987
1396,Welcome To The Jungle,Guns N' Roses,glam metal,1987
1397,Tougher Than the Rest,Bruce Springsteen,classic rock,1987
1398,Smooth Criminal - 2012 Remaster,Michael Jackson,pop,1987
1399,Patience,Guns N' Roses,glam metal,1987
1400,Everywhere - 2017 Remaster,Fleetwood Mac,album rock,1987
1401,I Will Follow - Live,U2,irish rock,1987
1402,Alone,Heart,album rock,1987
1404,In the Dutch Mountains,Nits,dutch indie,1987
1405,Never Tear Us Apart,INXS,australian rock,1987
1406,Here I Go Again - 2018 Remaster,Whitesnake,album rock,1987
1407,Liefde Van Later,Herman van Veen,dutch pop,1987
1408,Unchain My Heart,Joe Cocker,album rock,1987
1410,Never Gonna Give You Up,Rick Astley,dance pop,1987
1411,Running To Stand Still,U2,irish rock,1987
1412,I Wanna Dance with Somebody (Who Loves Me),Whitney Houston,dance pop,1987
1414,Suzanne,Herman van Veen,dutch pop,1987
1415,The Way You Make Me Feel - 2012 Remaster,Michael Jackson,pop,1987
1416,The One I Love - Remastered,R.E.M.,alternative rock,1987
1417,Bad - 2012 Remaster,Michael Jackson,pop,1987
1418,Apache,The Shadows,adult standards,1987
1421,Seven Wonders - 2017 Remaster,Fleetwood Mac,album rock,1987
1422,Lessons In Love,Level 42,art rock,1987
1423,Brilliant Disguise,Bruce Springsteen,classic rock,1987
1424,It's a Sin - 2001 Remaster,Pet Shop Boys,art pop,1987
1425,Bullet The Blue Sky,U2,irish rock,1987
1426,Wonderful Life,Black,dance rock,1987
1427,It's The End Of The World As We Know It (And I Feel Fine),R.E.M.,alternative rock,1987
1428,Is This Love - 2018 Remaster,Whitesnake,album rock,1987
1429,Laat Mij Maar Alleen,Klein Orkest,dutch indie,1987
1430,You Win Again,Bee Gees,adult standards,1987
1431,Liberian Girl - 2012 Remastered Version,Michael Jackson,pop,1987
1432,Winter in Hamburg,Frank Boeijen Groep,dutch cabaret,1987
1433,One (Remastered),Metallica,alternative metal,1988
1435,Dreams,Fleetwood Mac,album rock,1988
1436,Sara,Fleetwood Mac,album rock,1988
1437,Stop Loving You,TOTO,album rock,1988
1438,Can I Play with Madness - 2015 Remaster,Iron Maiden,album rock,1988
1440,Tusk,Fleetwood Mac,album rock,1988
1441,Maid Of Orleans,Orchestral Manoeuvres In The Dark,art rock,1988
1443,Little Lies,Fleetwood Mac,album rock,1988
1444,Zwart Wit,Frank Boeijen Groep,dutch cabaret,1988
1445,All I Want Is You,U2,irish rock,1988
1447,Musica è,Eros Ramazzotti,italian pop,1988
1448,When Love Comes To Town,U2,irish rock,1988
1450,Pamela,TOTO,album rock,1988
1454,Living Years,Mike & The Mechanics,album rock,1988
1455,Mushanga,TOTO,album rock,1988
1457,Big Love,Fleetwood Mac,album rock,1988
1458,Angel Of Harlem,U2,irish rock,1988
1459,Handle With Care,Traveling Wilburys,album rock,1988
1460,(Something Inside) So Strong,Labi Siffre,classic uk pop,1988
1461,Into Temptation,Crowded House,australian pop,1988
1462,Twist in My Sobriety,Tanita Tikaram,new wave pop,1988
1463,Sympathy For The Devil,The Rolling Stones,album rock,1989
1465,Niemand In De Stad,De Dijk,dutch indie,1989
1466,Rockin' in the Free World,Neil Young,album rock,1989
1467,Poison,Alice Cooper,album rock,1989
1468,I Want It All - Remastered 2011,Queen,glam rock,1989
1469,Ik Kan Het Niet Alleen,De Dijk,dutch indie,1989
1470,Leningrad,Billy Joel,album rock,1989
1471,Have I Told You Lately,Van Morrison,classic rock,1989
1472,Lullaby,The Cure,dance rock,1989
1474,Breakthru - Remastered 2011,Queen,glam rock,1989
1475,Need Your Love So Bad,Fleetwood Mac,album rock,1989
1476,Daar Gaat Ze,Clouseau,belgian rock,1989
1477,Personal Jesus - Original Seven Inch Version,Depeche Mode,dance rock,1989
1479,Woman In Chains,Tears For Fears,art rock,1989
1480,Nergens Goed Voor,De Dijk,dutch indie,1989
1482,If You Don't Know Me by Now - 2008 Remaster,Simply Red,british soul,1989
1483,Free Fallin',Tom Petty,album rock,1989
1484,Let Love Rule,Lenny Kravitz,permanent wave,1989
1485,Epic,Faith No More,alternative metal,1989
1486,Black Velvet,Alannah Myles,classic canadian rock,1989
1487,We Didn't Start the Fire,Billy Joel,album rock,1989
1488,Sowing The Seeds Of Love,Tears For Fears,art rock,1989
1489,New York Minute,Don Henley,album rock,1989
1491,Lovesong,The Cure,dance rock,1989
1492,Monkey Gone to Heaven,Pixies,alternative rock,1989
1493,The Miracle - Remastered 2011,Queen,glam rock,1989
1494,The Invisible Man - Remastered 2011,Queen,glam rock,1989
1495,If I Could Turn Back Time,Cher,dance pop,1989
1496,Love Shack,The B-52's,art rock,1989
1497,Thunderstruck,AC/DC,album rock,1990
1499,Enjoy the Silence - Single Mix,Depeche Mode,dance rock,1990
1500,Still Got The Blues,Gary Moore,album rock,1990
1501,Wind Of Change,Scorpions,album rock,1990
1503,Silent Lucidity - Remastered/2003,Queensrÿche,album rock,1990
1504,Such a Shame,Talk Talk,art rock,1990
1505,Hunger Strike,Temple Of The Dog,alternative metal,1990
1506,Candy,Iggy Pop,alternative rock,1990
1507,Send Me An Angel,Scorpions,album rock,1990
1508,Don't Go Breaking My Heart,Elton John,glam rock,1990
1509,"Night Fever - From ""Saturday Night Fever"" Soundtrack",Bee Gees,adult standards,1990
1510,More Than Words,Extreme,album rock,1990
1512,Domino,Clouseau,belgian rock,1990
1513,Met Hart En Ziel,Tröckener Kecks,dutch indie,1990
1514,Love Rears Its Ugly Head,Living Colour,alternative metal,1990
1515,Hard To Handle,The Black Crowes,album rock,1990
1516,Black,Pearl Jam,alternative rock,1991
1517,De Boer Is De Keerl,Normaal,dutch rock,1991
1518,November Rain,Guns N' Roses,glam metal,1991
1519,Nothing Else Matters,Metallica,alternative metal,1991
1520,Smells Like Teen Spirit,Nirvana,alternative rock,1991
1521,Innuendo - Remastered 2011,Queen,glam rock,1991
1522,Alive,Pearl Jam,alternative rock,1991
1523,Enter Sandman,Metallica,alternative metal,1991
1524,Who Wants To Live Forever - Remastered 2011,Queen,glam rock,1991
1525,Under the Bridge,Red Hot Chili Peppers,alternative rock,1991
1526,Deurdonderen,Normaal,dutch rock,1991
1527,The Show Must Go On - 2011 Mix,Queen,glam rock,1991
1528,Losing My Religion,R.E.M.,alternative rock,1991
1529,Come As You Are,Nirvana,alternative rock,1991
1530,Jeremy,Pearl Jam,alternative rock,1991
1531,One,U2,irish rock,1991
1532,Knockin' On Heaven's Door,Guns N' Roses,glam metal,1991
1533,The Unforgiven,Metallica,alternative metal,1991
1534,These Are The Days Of Our Lives - 2011 Remaster,Queen,glam rock,1991
1535,Lithium,Nirvana,alternative rock,1991
1537,Estranged,Guns N' Roses,glam metal,1991
1538,Even Flow,Pearl Jam,alternative rock,1991
1539,Hammer To Fall - Remastered 2011,Queen,glam rock,1991
1540,Sad But True,Metallica,alternative metal,1991
1541,Year of the Cat - 2001 Remaster,Al Stewart,album rock,1991
1542,Don't Cry (Original),Guns N' Roses,glam metal,1991
1543,(Everything I Do) I Do It For You,Bryan Adams,album rock,1991
1544,No More Tears,Ozzy Osbourne,album rock,1991
1545,You,Ten Sharp,pop,1991
1546,Heal the World,Michael Jackson,pop,1991
1548,On Every Street,Dire Straits,album rock,1991
1549,Give It Away,Red Hot Chili Peppers,alternative rock,1991
1550,Four Seasons In One Day,Crowded House,australian pop,1991
1552,Learning To Fly,Tom Petty and the Heartbreakers,album rock,1991
1553,Live And Let Die,Guns N' Roses,glam metal,1991
1554,In Bloom - Nevermind Version,Nirvana,alternative rock,1991
1555,Weather With You,Crowded House,australian pop,1991
1556,Shiny Happy People,R.E.M.,alternative rock,1991
1557,Stars,Simply Red,british soul,1991
1558,I'm Going Slightly Mad - Remastered 2011,Queen,glam rock,1991
1559,On the Border - 2001 Remaster,Al Stewart,album rock,1991
1561,I Can't Dance - 2007 Remaster,Genesis,album rock,1991
1562,No Son of Mine - 2007 Remaster,Genesis,album rock,1991
1563,I Can't Make You Love Me,Bonnie Raitt,classic rock,1991
1564,Love of the Common People,Paul Young,album rock,1991
1565,Mysterious Ways,U2,irish rock,1991
1567,Calling Elvis,Dire Straits,album rock,1991
1568,Killing In The Name,Rage Against The Machine,alternative metal,1992
1569,Fear of the Dark - 2015 Remaster,Iron Maiden,album rock,1992
1570,Bed Of Roses,Bon Jovi,glam metal,1992
1571,Everybody Hurts,R.E.M.,alternative rock,1992
1572,Kayleigh,Marillion,album rock,1992
1573,"Layla - Acoustic; Live at MTV Unplugged, Bray Film Studios, Windsor, England, UK, 1/16/1992; 2013 Remaster",Eric Clapton,album rock,1992
1574,I Will Always Love You,Whitney Houston,dance pop,1992
1575,Nightswimming,R.E.M.,alternative rock,1992
1577,Would?,Alice In Chains,alternative metal,1992
1578,Friday I'm in Love,The Cure,dance rock,1992
1579,Sharp Dressed Man,ZZ Top,album rock,1992
1580,Man On The Moon,R.E.M.,alternative rock,1992
1581,Gimme All Your Lovin',ZZ Top,album rock,1992
1582,What's Up?,4 Non Blondes,new wave pop,1992
1583,Lavender,Marillion,album rock,1992
1584,Plush - 2017 Remaster,Stone Temple Pilots,alternative metal,1992
1585,Eloise,Barry Ryan,bubblegum pop,1992
1586,Harvest Moon,Neil Young,album rock,1992
1587,Drive,R.E.M.,alternative rock,1992
1588,Remedy,The Black Crowes,album rock,1992
1589,I've Got Dreams to Remember,Otis Redding,classic soul,1992
1591,Human Touch,Bruce Springsteen,classic rock,1992
1592,Vlieg Met Me Mee - Live,Paul de Leeuw,dutch cabaret,1992
1593,In These Arms,Bon Jovi,glam metal,1992
1595,Find The River,R.E.M.,alternative rock,1992
1596,I Have Nothing,Whitney Houston,dance pop,1992
1598,Rooster,Alice In Chains,alternative metal,1992
1601,Keep The Faith,Bon Jovi,glam metal,1992
1602,No Rain,Blind Melon,alternative metal,1992
1603,Creep,Radiohead,alternative rock,1993
1605,Fields Of Gold,Sting,permanent wave,1993
1607,Linger,The Cranberries,irish rock,1993
1608,Alles Geprobeerd,Het Goede Doel,dutch pop,1993
1609,I'd Do Anything For Love (But I Won't Do That) - Single Edit,Meat Loaf,album rock,1993
1610,Shape Of My Heart,Sting,permanent wave,1993
1612,Ordinary World,Duran Duran,dance rock,1993
1613,Disarm - Remastered,The Smashing Pumpkins,alternative metal,1993
1614,Mr. Jones,Counting Crows,alternative rock,1993
1615,Heart-Shaped Box,Nirvana,alternative rock,1993
1616,Daughter (Remastered),Pearl Jam,alternative rock,1993
1617,In-A-Gadda-Da-Vida - Single Version,Iron Butterfly,art rock,1993
1618,Gaia,Valensia,classical rock,1993
1619,Mull Of Kintyre - 1993 Digital Remaster,Wings,album rock,1993
1620,Cose della vita,Eros Ramazzotti,italian pop,1993
1621,Are You Gonna Go My Way,Lenny Kravitz,permanent wave,1993
1623,Rearviewmirror (Remastered),Pearl Jam,alternative rock,1993
1625,Up Where We Belong,Joe Cocker,album rock,1993
1626,Rape Me,Nirvana,alternative rock,1993
1627,Round Here,Counting Crows,alternative rock,1993
1628,I Want You Back,The Jackson 5,adult standards,1993
1629,Younger Days,The Fatal Flowers,dutch indie,1993
1630,All Apologies,Nirvana,alternative rock,1993
1631,Zombie,The Cranberries,irish rock,1994
1632,Hallelujah,Jeff Buckley,alternative rock,1994
1633,Oude Maasweg,The Amazing Stroopwafels,dutch rock,1994
1634,Lightning Crashes,Live,alternative metal,1994
1635,Black Hole Sun,Soundgarden,alternative metal,1994
1636,The Man Who Sold The World,Nirvana,alternative rock,1994
1637,Basket Case,Green Day,modern rock,1994
1638,Where Did You Sleep Last Night,Nirvana,alternative rock,1994
1639,High Hopes,Pink Floyd,album rock,1994
1640,Kiss from a Rose,Seal,british soul,1994
1641,Always,Bon Jovi,glam metal,1994
1642,All I Want for Christmas Is You,Mariah Carey,dance pop,1994
1643,I Alone,Live,alternative metal,1994
1644,Sabotage,Beastie Boys,alternative rock,1994
1645,Smooth Operator - Single Version,Sade,british soul,1994
1646,Glory Box,Portishead,art pop,1994
1647,Dromen Zijn Bedrog,Marco Borsato,dutch cabaret,1994
1648,Ode To My Family,The Cranberries,irish rock,1994
1650,When I Come Around,Green Day,modern rock,1994
1652,Mmm Mmm Mmm Mmm,Crash Test Dummies,canadian rock,1994
1653,Annabel,Hans De Booij,dutch cabaret,1994
1654,Polly,Nirvana,alternative rock,1994
1655,Grace,Jeff Buckley,alternative rock,1994
1656,Stil In Mij,Van Dik Hout,dutch cabaret,1995
1659,Streets of Philadelphia - Single Edit,Bruce Springsteen,classic rock,1995
1660,Earth Song,Michael Jackson,pop,1995
1661,Street Spirit (Fade Out),Radiohead,alternative rock,1995
1662,Man in the Mirror,Michael Jackson,pop,1995
1663,Aan De Kust,BLØF,dutch pop,1995
1664,Beat It,Michael Jackson,pop,1995
1665,Margherita,Marco Borsato,dutch cabaret,1995
1666,Vivo per lei,Andrea Bocelli,adult standards,1995
1667,Circle Of Life,Elton John,glam rock,1995
1668,They Don't Care About Us,Michael Jackson,pop,1995
1671,Lemon Tree,Fools Garden,german pop rock,1995
1672,Weak,Skunk Anansie,british alternative rock,1995
1673,Ik Leef Niet Meer Voor Jou,Marco Borsato,dutch cabaret,1995
1675,Con Te Partirò,Andrea Bocelli,adult standards,1995
1676,Don't Speak,No Doubt,alternative rock,1995
1677,Heaven For Everyone - Remastered 2011,Queen,glam rock,1995
1678,Fake Plastic Trees,Radiohead,alternative rock,1995
1679,Too Much Love Will Kill You - 2011 Remaster,Queen,glam rock,1995
1680,1979 - Remastered 2012,The Smashing Pumpkins,alternative metal,1995
1681,Avalon,Roxy Music,album rock,1995
1682,You Don't Fool Me - Remastered 2011,Queen,glam rock,1995
1683,Can You Feel The Love Tonight,Elton John,glam rock,1995
1685,Diane,Therapy?,alternative metal,1995
1686,Stranger in Moscow,Michael Jackson,pop,1995
1687,An American Trilogy,Elvis Presley,adult standards,1995
1688,Secret Garden,Bruce Springsteen,classic rock,1995
1689,"Tonight, Tonight - Remastered 2012",The Smashing Pumpkins,alternative metal,1995
1690,Bullet With Butterfly Wings - Remastered 2012,The Smashing Pumpkins,alternative metal,1995
1691,A Winter's Tale - 2011 Remaster,Queen,glam rock,1995
1693,High And Dry,Radiohead,alternative rock,1995
1694,Fairground,Simply Red,british soul,1995
1695,Avond,Boudewijn de Groot,dutch indie,1996
1698,Jesus to a Child,George Michael,dance rock,1996
1699,Down Under,Men At Work,album rock,1996
1700,Jump,Van Halen,album rock,1996
1701,Het Is Een Nacht... (Levensecht),Guus Meeuwis,dutch pop,1996
1702,Where the Wild Roses Grow - 2011 - Remaster,Nick Cave & The Bad Seeds,art rock,1996
1703,Beautiful Noise,Neil Diamond,adult standards,1996
1705,De Waarheid,Marco Borsato,dutch cabaret,1996
1706,Wereld Zonder Jou,Marco Borsato,dutch cabaret,1996
1707,Wannabe,Spice Girls,dance pop,1996
1708,Hedonism (Just Because You Feel Good),Skunk Anansie,british alternative rock,1996
1709,Killing Me Softly With His Song,Fugees,east coast hip hop,1996
1710,You Have Been Loved,George Michael,dance rock,1996
1714,Beautiful Goodbye,Amanda Marshall,canadian pop,1996
1715,Ain't Nobody,Chaka Khan,dance pop,1996
1716,A Long December,Counting Crows,alternative rock,1996
1717,Novocaine For The Soul,Eels,alternative rock,1996
1718,Per Spoor (Kedeng Kedeng),Guus Meeuwis,dutch pop,1996
1719,Bitter Sweet Symphony,The Verve,alternative rock,1997
1720,Zeg Me Dat Het Niet Zo Is,Frank Boeijen,dutch cabaret,1997
1721,Du hast,Rammstein,alternative metal,1997
1722,"Take Me Home, Country Roads",John Denver,adult standards,1997
1723,Karma Police,Radiohead,alternative rock,1997
1724,Everlong,Foo Fighters,alternative metal,1997
1725,Op Fietse,Skik,dutch indie,1997
1726,Paranoid Android,Radiohead,alternative rock,1997
1727,Lopen Tot De Zon Komt,Acda en de Munnik,dutch cabaret,1997
1728,Into My Arms - 2011 Remastered Version,Nick Cave & The Bad Seeds,art rock,1997
1729,Engel,Rammstein,alternative metal,1997
1730,k Heb Je Lief,Paul de Leeuw,dutch cabaret,1997
1733,The Unforgiven II,Metallica,alternative metal,1997
1735,You'll Never Walk Alone,Gerry & The Pacemakers,adult standards,1997
1736,Good Riddance (Time of Your Life),Green Day,modern rock,1997
1737,Candle In The Wind 1997,Elton John,glam rock,1997
1738,No Surprises,Radiohead,alternative rock,1997
1739,Als Het Vuur Gedoofd Is,Acda en de Munnik,dutch cabaret,1997
1740,Little Green Bag,George Baker Selection,classic uk pop,1997
1741,Beds Are Burning - Remastered,Midnight Oil,australian rock,1997
1742,"My Heart Will Go On - Love Theme from ""Titanic""",Céline Dion,canadian pop,1997
1743,t Dondert En 't Bliksemt,Guus Meeuwis,dutch pop,1997
1745,The Memory Remains,Metallica,alternative metal,1997
1746,N'oubliez Jamais,Joe Cocker,album rock,1997
1747,Tell Him,Barbra Streisand,adult standards,1997
1748,Mooi Liedje,Acda en de Munnik,dutch cabaret,1997
1749,Can't Stand Losing You,The Police,album rock,1997
1750,Songbird,Eva Cassidy,adult standards,1997
1751,Hier Komt De Storm,Frank Boeijen Groep,dutch cabaret,1997
1752,The Drugs Don't Work,The Verve,alternative rock,1997
1754,Somebody to Love,George Michael,dance rock,1998
1755,Nobody's Wife,Anouk,dutch indie,1998
1756,Als Ze Er Niet Is,De Dijk,dutch indie,1998
1757,Careless Whisper,George Michael,dance rock,1998
1758,Whiskey In The Jar,Metallica,alternative metal,1998
1759,Don't Let the Sun Go Down on Me,George Michael,dance rock,1998
1760,The Whole of the Moon,The Waterboys,art rock,1998
1761,Liefs Uit Londen,BLØF,dutch pop,1998
1762,Narcotic - Long Version,Liquido,german alternative rock,1998
1763,New Year's Day,U2,irish rock,1998
1764,Cowboys and Angels,George Michael,dance rock,1998
1765,Zelfs Je Naam Is Mooi,Henk Westbroek,alternative pop rock,1998
1766,Toen Ik Je Zag - Single Version,Hero,pop,1998
1767,"I Don't Want to Miss a Thing - From ""Armageddon"" Soundtrack",Aerosmith,album rock,1998
1768,Fields Of Gold,Eva Cassidy,adult standards,1998
1769,A Different Corner,George Michael,dance rock,1998
1771,Faith,George Michael,dance rock,1998
1772,Father Figure,George Michael,dance rock,1998
1773,Niet Of Nooit Geweest,Acda en de Munnik,dutch cabaret,1998
1775,De Bestemming,Marco Borsato,dutch cabaret,1998
1776,Freak On a Leash,Korn,alternative metal,1998
1777,Onderuit,De Dijk,dutch indie,1998
1778,Non non rien n'a changé,Les Poppys,alternative pop rock,1998
1780,Killer / Papa Was a Rollin' Stone,George Michael,dance rock,1998
1781,I Knew You Were Waiting (For Me),George Michael,dance rock,1998
1782,If You Tolerate This Your Children Will Be Next,Manic Street Preachers,alternative rock,1998
1783,Praying for Time,George Michael,dance rock,1998
1784,Hilversum 3,Herman van Veen,dutch pop,1998
1785,The Reflex,Duran Duran,dance rock,1998
1787,As,George Michael,dance rock,1998
1788,Pure Morning,Placebo,alternative rock,1998
1789,She's The One,Robbie Williams,dance pop,1998
1791,Pretty Fly (For A White Guy),The Offspring,alternative metal,1998
1792,I Can't Make You Love Me,George Michael,dance rock,1998
1794,Sacrifice,Anouk,dutch indie,1998
1795,Toveren,Herman van Veen,dutch pop,1998
1796,Kissing a Fool,George Michael,dance rock,1998
1798,"Slaap Zacht , Elisabeth",Acda en de Munnik,dutch cabaret,1998
1799,Angels,Robbie Williams,dance pop,1999
1800,Tears in Heaven,Eric Clapton,album rock,1999
1801,Californication,Red Hot Chili Peppers,alternative rock,1999
1802,Harder Dan Ik Hebben Kan,BLØF,dutch pop,1999
1803,Learn to Fly,Foo Fighters,alternative metal,1999
1805,Scar Tissue,Red Hot Chili Peppers,alternative rock,1999
1806,Otherside,Red Hot Chili Peppers,alternative rock,1999
1808,Let Me Entertain You,Robbie Williams,dance pop,1999
1809,Road Trippin',Red Hot Chili Peppers,alternative rock,1999
1810,Jesus He Knows Me,Genesis,album rock,1999
1811,The Family Tree,Venice,alternative rock,1999
1813,Unintended,Muse,modern rock,1999
1814,LA Song,Beth Hart,blues rock,1999
1815,The Dolphin's Cry,Live,alternative metal,1999
1816,All Star,Smash Mouth,alternative rock,1999
1818,Il Volo,Zucchero,classic italian pop,1999
1820,Geen Kind Meer,Karin Bloemen,dutch cabaret,1999
1822,Run To The Water,Live,alternative metal,1999
1823,Hart Van Mijn Gevoel,De Kast,dutch pop,1999
1824,Smooth (feat. Rob Thomas),Santana,blues rock,1999
1825,My Name Is,Eminem,detroit hip hop,1999
1826,Desert Rose,Sting,permanent wave,1999
1828,At Last,Etta James,adult standards,1960
1829,Can't Help Falling in Love,Elvis Presley,adult standards,1961
1830,Fly Me To The Moon (In Other Words),Frank Sinatra,adult standards,1962
1831,Stand by Me,Ben E. King,adult standards,1962
1832,"Oh, Pretty Woman",Roy Orbison,adult standards,1962
1834,Blowin' in the Wind,Bob Dylan,album rock,1963
1835,In Dreams,Roy Orbison,adult standards,1963
1836,Twist And Shout - Remastered 2009,The Beatles,british invasion,1963
1837,Are You Lonesome Tonight,Elvis Presley,adult standards,1963
1838,I Saw Her Standing There - Remastered 2009,The Beatles,british invasion,1963
1839,"Don't Think Twice, It's All Right",Bob Dylan,album rock,1963
1840,The Sound of Silence - Acoustic Version,Simon & Garfunkel,classic rock,1964
1841,House Of The Rising Sun,The Animals,album rock,1964
1843,The Times They Are A-Changin',Bob Dylan,album rock,1964
1844,A Change Is Gonna Come,Sam Cooke,adult standards,1964
1845,A Hard Day's Night - Remastered 2009,The Beatles,british invasion,1964
1847,Eight Days A Week - Remastered 2009,The Beatles,british invasion,1964
1848,It's All Over Now - Mono Version,The Rolling Stones,album rock,1964
1849,Yesterday - Remastered 2009,The Beatles,british invasion,1965
1850,(I Can't Get No) Satisfaction - Mono Version,The Rolling Stones,album rock,1965
1851,Like a Rolling Stone,Bob Dylan,album rock,1965
1852,Norwegian Wood (This Bird Has Flown) - Remastered 2009,The Beatles,british invasion,1965
1853,Help! - Remastered 2009,The Beatles,british invasion,1965
1854,Unchained Melody,The Righteous Brothers,adult standards,1965
1855,Michelle - Remastered 2009,The Beatles,british invasion,1965
1856,Feeling Good,Nina Simone,adult standards,1965
1857,My Generation - Stereo Version,The Who,album rock,1965
1858,In My Life - Remastered 2009,The Beatles,british invasion,1965
1859,As Tears Go By - Mono Version,The Rolling Stones,album rock,1965
1860,It Was A Very Good Year,Frank Sinatra,adult standards,1965
1861,Time Is On My Side - Mono Version,The Rolling Stones,album rock,1965
1862,Little Red Rooster - Mono Version,The Rolling Stones,album rock,1965
1863,Mr. Tambourine Man,The Byrds,art rock,1965
1864,"Paint It, Black",The Rolling Stones,album rock,1966
1865,God Only Knows - Remastered,The Beach Boys,baroque pop,1966
1866,California Dreamin' - Single Version,The Mamas & The Papas,adult standards,1966
1867,Eleanor Rigby - Remastered 2009,The Beatles,british invasion,1966
1868,River Deep - Mountain High,Ike & Tina Turner,brill building pop,1966
1869,That's Life,Frank Sinatra,adult standards,1966
1870,Jumpin' Jack Flash - Mono,The Rolling Stones,album rock,1966
1871,Scarborough Fair / Canticle,Simon & Garfunkel,classic rock,1966
1872,Sloop John B - Remastered,The Beach Boys,baroque pop,1966
1873,Homeward Bound,Simon & Garfunkel,classic rock,1966
1874,Under My Thumb,The Rolling Stones,album rock,1966
1875,I Want You,Bob Dylan,album rock,1966
1876,When a Man Loves a Woman,Percy Sledge,classic soul,1966
1877,Sunny Afternoon - Mono Mix,The Kinks,album rock,1966
1878,How Can We Hang On To A Dream,Tim Hardin,classic uk pop,1966
1879,"Monday, Monday - Single Version",The Mamas & The Papas,adult standards,1966
1880,For No One - Remastered 2009,The Beatles,british invasion,1966
1882,Try a Little Tenderness,Otis Redding,classic soul,1966
1883,Wouldn't It Be Nice - Stereo Mix,The Beach Boys,baroque pop,1966
1884,Nights In White Satin - Single Version / Mono Mix,The Moody Blues,album rock,1967
1885,The End,The Doors,album rock,1967
1886,A Day In The Life - Remastered 2009,The Beatles,british invasion,1967
1887,Brown Eyed Girl,Van Morrison,classic rock,1967
1888,Respect,Aretha Franklin,adult standards,1967
1889,White Rabbit,Jefferson Airplane,album rock,1967
1890,Penny Lane,The Beatles,british invasion,1967
1892,Hey Joe,Jimi Hendrix,album rock,1967
1893,Good Vibrations - Remastered,The Beach Boys,baroque pop,1967
1894,Light My Fire,The Doors,album rock,1967
1895,Strawberry Fields Forever - Remastered 2009,The Beatles,british invasion,1967
1897,Little Wing,Jimi Hendrix,album rock,1967
1898,The Fool On The Hill - Remastered 2009,The Beatles,british invasion,1967
1899,People Are Strange,The Doors,album rock,1967
1900,The Wind Cries Mary,Jimi Hendrix,album rock,1967
1901,Sgt. Pepper's Lonely Hearts Club Band - Remastered 2009,The Beatles,british invasion,1967
1902,Lucy In The Sky With Diamonds - Remastered 2009,The Beatles,british invasion,1967
1903,Purple Haze,Jimi Hendrix,album rock,1967
1904,Ruby Tuesday,The Rolling Stones,album rock,1967
1905,All You Need Is Love - Remastered 2009,The Beatles,british invasion,1967
1906,"He Ain't Heavy, He's My Brother",The Hollies,adult standards,1967
1907,When I'm Sixty Four - Remastered 2009,The Beatles,british invasion,1967
1908,Somebody Will Know Someday,Cuby & The Blizzards,dutch indie,1967
1909,I Am The Walrus - Remastered 2009,The Beatles,british invasion,1967
1910,Guitar Man,Elvis Presley,adult standards,1967
1911,Ain't No Mountain High Enough,Marvin Gaye,classic soul,1967
1912,San Francisco (Be Sure to Wear Some Flowers In Your Hair),Scott McKenzie,bubblegum pop,1967
1913,She's Leaving Home - Remastered 2009,The Beatles,british invasion,1967
1914,I'm a Believer - 2006 Remaster,The Monkees,brill building pop,1967
1915,Waterloo Sunset - Mono Mix,The Kinks,album rock,1967
1916,Sunshine Of Your Love,Cream,album rock,1967
1917,Break on Through (To the Other Side),The Doors,album rock,1967
1918,Somebody to Love,Jefferson Airplane,album rock,1967
1919,Green Green Grass Of Home,Tom Jones,adult standards,1967
1920,To Love Somebody,Bee Gees,adult standards,1967
1921,Pastorale - Remastered,Liesbeth List,dutch rock,1968
1922,(Sittin' On) the Dock of the Bay,Otis Redding,classic soul,1968
1923,Blackbird - Remastered 2009,The Beatles,british invasion,1968
1924,I Put A Spell On You,Creedence Clearwater Revival,album rock,1968
1925,While My Guitar Gently Weeps - Remastered 2009,The Beatles,british invasion,1968
1926,All Along the Watchtower,Jimi Hendrix,album rock,1968
1927,"Window Of My Eyes - From ""The American"" Soundtrack",Cuby & The Blizzards,dutch indie,1968
1928,I Say a Little Prayer,Aretha Franklin,adult standards,1968
1929,(You Make Me Feel Like) A Natural Woman,Aretha Franklin,adult standards,1968
1930,White Room,Cream,album rock,1968
1931,"Mrs. Robinson - From ""The Graduate"" Soundtrack",Simon & Garfunkel,classic rock,1968
1932,What A Wonderful World - Single Version,Louis Armstrong,adult standards,1968
1933,Lea,The Cats,classic uk pop,1968
1934,The Weight - Remastered,The Band,album rock,1968
1935,Ain't Got No - I Got Life - Remastered,Nina Simone,adult standards,1968
1936,Voodoo Child (Slight Return),Jimi Hendrix,album rock,1968
1937,Suzie Q,Creedence Clearwater Revival,album rock,1968
1938,Born To Be Wild - Single Version,Steppenwolf,album rock,1968
1939,Words,Bee Gees,adult standards,1968
1940,Massachussetts,Bee Gees,adult standards,1968
1941,Times Were When,The Cats,classic uk pop,1968
1942,I Started A Joke,Bee Gees,adult standards,1968
1943,MacArthur Park,Richard Harris,pop,1968
1944,I'd Rather Go Blind,Etta James,adult standards,1968
1945,Daydream Believer,The Monkees,brill building pop,1968
1946,Back In The U.S.S.R. - Remastered 2009,The Beatles,british invasion,1968
1947,"Girl, You'll Be A Woman Soon",Neil Diamond,adult standards,1968
1948,Here Comes The Sun - Remastered 2009,The Beatles,british invasion,1969
1949,Space Oddity - 2015 Remaster,David Bowie,album rock,1969
1950,Gimme Shelter,The Rolling Stones,album rock,1969
1951,Suspicious Minds,Elvis Presley,adult standards,1969
1952,Whole Lotta Love - 1990 Remaster,Led Zeppelin,album rock,1969
1953,Sweet Caroline,Neil Diamond,adult standards,1969
1954,Fortunate Son,Creedence Clearwater Revival,album rock,1969
1955,In the Ghetto,Elvis Presley,adult standards,1969
1956,Bad Moon Rising,Creedence Clearwater Revival,album rock,1969
1957,You Can't Always Get What You Want,The Rolling Stones,album rock,1969
1958,With A Little Help From My Friends,Joe Cocker,album rock,1969
1959,My Way,Frank Sinatra,adult standards,1969
1960,Come Together - Remastered 2009,The Beatles,british invasion,1969
1961,Something - Remastered 2009,The Beatles,british invasion,1969
1962,Albatross - 2018 Remaster,Fleetwood Mac,album rock,1969
1963,Just A Little Bit Of Peace In My Heart,Golden Earring,album rock,1969
1964,Venus,Shocking Blue,classic rock,1969
1965,Son of a Preacher Man,Dusty Springfield,adult standards,1969
1966,Pinball Wizard,The Who,album rock,1969
1967,Marian,The Cats,classic uk pop,1969
1968,Proud Mary,Creedence Clearwater Revival,album rock,1969
1969,Beautiful People,Melanie,classic uk pop,1969
1970,Oh Well (Pt. 1) - 2013 Remaster,Fleetwood Mac,album rock,1969
1971,Born On The Bayou,Creedence Clearwater Revival,album rock,1969
1972,Scarlet Ribbons,The Cats,classic uk pop,1969
1974,Dazed and Confused,Led Zeppelin,album rock,1969
1975,Overture,The Who,album rock,1969
1977,Down On The Corner,Creedence Clearwater Revival,album rock,1969
1978,Appleknockers Flophouse,Cuby & The Blizzards,dutch indie,1969
1979,The First Time Ever I Saw Your Face,Roberta Flack,adult standards,1969
1980,Touch Me,The Doors,album rock,1969
1982,Midnight Rambler,The Rolling Stones,album rock,1969
1983,Get Ready,Rare Earth,blues rock,1969
1984,Black Magic Woman - 2018 Remaster,Fleetwood Mac,album rock,1969
1985,Suite: Judy Blue Eyes - Remastered,"Crosby, Stills & Nash",album rock,1969
1986,Blue Suede Shoes,Elvis Presley,adult standards,1956
1987,Jailhouse Rock,Elvis Presley,adult standards,1958
1988,My Baby Just Cares for Me - 2013 Remastered Version,Nina Simone,adult standards,1958
1989,Summertime,Louis Armstrong,adult standards,1958
1990,Heartbreak Hotel,Elvis Presley,adult standards,1958
1991,Hound Dog,Elvis Presley,adult standards,1958
1992,Johnny B. Goode,Chuck Berry,blues rock,1959
1994,Blueberry Hill,Fats Domino,adult standards,1959
